2026-08-26 07:43:38 [127.0.0.1][-][teb8hgh91dpo83f6d8gflu8om5][error][yii\web\HttpException:400] yii\web\BadRequestHttpException: Unable to verify your data submission. in C:\Users\Szitár\Documents\team\taskforjuniors\vendor\yiisoft\yii2\web\Controller.php:346
Stack trace:
#0 C:\Users\Szitár\Documents\team\taskforjuniors\vendor\yiisoft\yii2\base\Controller.php(195): yii\web\Controller->beforeAction(Object(yii\base\InlineAction))
#1 C:\Users\Szitár\Documents\team\taskforjuniors\vendor\yiisoft\yii2\base\Module.php(554): yii\base\Controller->runAction('', Array)
#2 C:\Users\Szitár\Documents\team\taskforjuniors\vendor\yiisoft\yii2\web\Application.php(112): yii\base\Module->runAction('', Array)
#3 C:\Users\Szitár\Documents\team\taskforjuniors\vendor\yiisoft\yii2\base\Application.php(391): yii\web\Application->handleRequest(Object(yii\web\Request))
#4 C:\Users\Szitár\Documents\team\taskforjuniors\web\index.php(12): yii\base\Application->run()
#5 {main}
2026-08-26 07:43:38 [127.0.0.1][-][teb8hgh91dpo83f6d8gflu8om5][info][application] $_GET = []

$_POST = [
    'equipment_id' => '1'
    'starts_on' => '2026-08-26'
    'due_on' => '2026-08-28'
    'borrower' => 'Teszt Bela'
    'action' => 'lend'
]

$_FILES = []

$_COOKIE = []

$_SESSION = [
    '__flash' => []
]

$_SERVER = [
    'DOCUMENT_ROOT' => 'C:\\Users\\Szitár\\Documents\\team\\taskforjuniors\\web'
    'REMOTE_ADDR' => '127.0.0.1'
    'REMOTE_PORT' => '53557'
    'SERVER_SOFTWARE' => 'PHP 8.2.29 Development Server'
    'SERVER_PROTOCOL' => 'HTTP/1.1'
    'SERVER_NAME' => '127.0.0.1'
    'SERVER_PORT' => '8091'
    'REQUEST_URI' => '/index.php'
    'REQUEST_METHOD' => 'POST'
    'SCRIPT_NAME' => '/index.php'
    'SCRIPT_FILENAME' => 'C:\\Users\\Szitár\\Documents\\team\\taskforjuniors\\web\\index.php'
    'PHP_SELF' => '/index.php'
    'HTTP_USER_AGENT' => 'Mozilla/5.0 (Windows NT; Windows NT 10.0; hu-HU) WindowsPowerShell/5.1.26100.9168'
    'CONTENT_TYPE' => 'application/x-www-form-urlencoded'
    'HTTP_CONTENT_TYPE' => 'application/x-www-form-urlencoded'
    'HTTP_HOST' => '127.0.0.1:8091'
    'CONTENT_LENGTH' => '85'
    'HTTP_CONTENT_LENGTH' => '85'
    'REQUEST_TIME_FLOAT' => 1787730218.9347
    'REQUEST_TIME' => 1787730218
]
2026-08-26 07:48:53 [-][-][-][error][yii\di\NotInstantiableException] ReflectionException: Class "m250101_000001_create_category_table" does not exist in C:\Users\Szitár\Documents\team\taskforjuniors\vendor\yiisoft\yii2\di\Container.php:536
Stack trace:
#0 C:\Users\Szitár\Documents\team\taskforjuniors\vendor\yiisoft\yii2\di\Container.php(536): ReflectionClass->__construct('m250101_000001_...')
#1 C:\Users\Szitár\Documents\team\taskforjuniors\vendor\yiisoft\yii2\di\Container.php(406): yii\di\Container->getDependencies('m250101_000001_...')
#2 C:\Users\Szitár\Documents\team\taskforjuniors\vendor\yiisoft\yii2\di\Container.php(180): yii\di\Container->build('m250101_000001_...', Array, Array)
#3 C:\Users\Szitár\Documents\team\taskforjuniors\vendor\yiisoft\yii2\BaseYii.php(380): yii\di\Container->get('m250101_000001_...', Array, Array)
#4 C:\Users\Szitár\Documents\team\taskforjuniors\vendor\yiisoft\yii2\console\controllers\MigrateController.php(206): yii\BaseYii::createObject(Array)
#5 C:\Users\Szitár\Documents\team\taskforjuniors\vendor\yiisoft\yii2\console\controllers\BaseMigrateController.php(764): yii\console\controllers\MigrateController->createMigration('m250101_000001_...')
#6 C:\Users\Szitár\Documents\team\taskforjuniors\vendor\yiisoft\yii2\console\controllers\BaseMigrateController.php(223): yii\console\controllers\BaseMigrateController->migrateUp('m250101_000001_...')
#7 [internal function]: yii\console\controllers\BaseMigrateController->actionUp(0)
#8 C:\Users\Szitár\Documents\team\taskforjuniors\vendor\yiisoft\yii2\base\InlineAction.php(66): call_user_func_array(Array, Array)
#9 C:\Users\Szitár\Documents\team\taskforjuniors\vendor\yiisoft\yii2\base\Controller.php(197): yii\base\InlineAction->runWithParams(Array)
#10 C:\Users\Szitár\Documents\team\taskforjuniors\vendor\yiisoft\yii2\console\Controller.php(186): yii\base\Controller->runAction('', Array)
#11 C:\Users\Szitár\Documents\team\taskforjuniors\vendor\yiisoft\yii2\base\Module.php(554): yii\console\Controller->runAction('', Array)
#12 C:\Users\Szitár\Documents\team\taskforjuniors\vendor\yiisoft\yii2\console\Application.php(183): yii\base\Module->runAction('migrate', Array)
#13 C:\Users\Szitár\Documents\team\taskforjuniors\vendor\yiisoft\yii2\console\Application.php(150): yii\console\Application->runAction('migrate', Array)
#14 C:\Users\Szitár\Documents\team\taskforjuniors\vendor\yiisoft\yii2\base\Application.php(391): yii\console\Application->handleRequest(Object(yii\console\Request))
#15 C:\Users\Szitár\Documents\team\taskforjuniors\yii(20): yii\base\Application->run()
#16 {main}

Next yii\di\NotInstantiableException: Failed to instantiate component or class "m250101_000001_create_category_table". in C:\Users\Szitár\Documents\team\taskforjuniors\vendor\yiisoft\yii2\di\Container.php:538
Stack trace:
#0 C:\Users\Szitár\Documents\team\taskforjuniors\vendor\yiisoft\yii2\di\Container.php(406): yii\di\Container->getDependencies('m250101_000001_...')
#1 C:\Users\Szitár\Documents\team\taskforjuniors\vendor\yiisoft\yii2\di\Container.php(180): yii\di\Container->build('m250101_000001_...', Array, Array)
#2 C:\Users\Szitár\Documents\team\taskforjuniors\vendor\yiisoft\yii2\BaseYii.php(380): yii\di\Container->get('m250101_000001_...', Array, Array)
#3 C:\Users\Szitár\Documents\team\taskforjuniors\vendor\yiisoft\yii2\console\controllers\MigrateController.php(206): yii\BaseYii::createObject(Array)
#4 C:\Users\Szitár\Documents\team\taskforjuniors\vendor\yiisoft\yii2\console\controllers\BaseMigrateController.php(764): yii\console\controllers\MigrateController->createMigration('m250101_000001_...')
#5 C:\Users\Szitár\Documents\team\taskforjuniors\vendor\yiisoft\yii2\console\controllers\BaseMigrateController.php(223): yii\console\controllers\BaseMigrateController->migrateUp('m250101_000001_...')
#6 [internal function]: yii\console\controllers\BaseMigrateController->actionUp(0)
#7 C:\Users\Szitár\Documents\team\taskforjuniors\vendor\yiisoft\yii2\base\InlineAction.php(66): call_user_func_array(Array, Array)
#8 C:\Users\Szitár\Documents\team\taskforjuniors\vendor\yiisoft\yii2\base\Controller.php(197): yii\base\InlineAction->runWithParams(Array)
#9 C:\Users\Szitár\Documents\team\taskforjuniors\vendor\yiisoft\yii2\console\Controller.php(186): yii\base\Controller->runAction('', Array)
#10 C:\Users\Szitár\Documents\team\taskforjuniors\vendor\yiisoft\yii2\base\Module.php(554): yii\console\Controller->runAction('', Array)
#11 C:\Users\Szitár\Documents\team\taskforjuniors\vendor\yiisoft\yii2\console\Application.php(183): yii\base\Module->runAction('migrate', Array)
#12 C:\Users\Szitár\Documents\team\taskforjuniors\vendor\yiisoft\yii2\console\Application.php(150): yii\console\Application->runAction('migrate', Array)
#13 C:\Users\Szitár\Documents\team\taskforjuniors\vendor\yiisoft\yii2\base\Application.php(391): yii\console\Application->handleRequest(Object(yii\console\Request))
#14 C:\Users\Szitár\Documents\team\taskforjuniors\yii(20): yii\base\Application->run()
#15 {main}
2026-08-26 07:48:53 [-][-][-][info][application] $_GET = []

$_POST = []

$_FILES = []

$_COOKIE = []

$_SERVER = [
    'ALLUSERSPROFILE' => 'C:\\ProgramData'
    'APPDATA' => 'C:\\Users\\Szitár\\AppData\\Roaming'
    'CHROME_CRASHPAD_PIPE_NAME' => '\\\\.\\pipe\\crashpad_20832_IVQIQQMUWIMRWGDU'
    'COMPUTERNAME' => 'SZITAR-DELL'
    'ChocolateyInstall' => 'C:\\ProgramData\\chocolatey'
    'ChocolateyLastPathUpdate' => '134291631135613841'
    'ComSpec' => 'C:\\windows\\system32\\cmd.exe'
    'CommonProgramFiles' => 'C:\\Program Files\\Common Files'
    'CommonProgramFiles(x86)' => 'C:\\Program Files (x86)\\Common Files'
    'CommonProgramW6432' => 'C:\\Program Files\\Common Files'
    'DriverData' => 'C:\\Windows\\System32\\Drivers\\DriverData'
    'EFC_11048_1262719628' => '1'
    'EFC_11048_1592913036' => '1'
    'EFC_11048_2283032206' => '1'
    'EFC_11048_2775293581' => '1'
    'EFC_11048_3789132940' => '1'
    'EFC_11048_4126798990' => '1'
    'FPS_BROWSER_APP_PROFILE_STRING' => 'Internet Explorer'
    'FPS_BROWSER_USER_PROFILE_STRING' => 'Default'
    'HOMEDRIVE' => 'C:'
    'HOMEPATH' => '\\Users\\Szitár'
    'IGCCSVC_DB' => 'AQAAANCMnd8BFdERjHoAwE/Cl+sBAAAAdQlofq3nP0yP2FfQt57Y0AQAAAACAAAAAAAQZgAAAAEAACAAAACmXoQzsC5BVPhHepuUF9u0spyaIJI++z/VpHZWbwecSgAAAAAOgAAAAAIAACAAAAB6KfL1BCSW9fufOZBbH5yblZy7EDGe7XagDBON5tye9GAAAAAiMppv84D3CRQSZduIxQoKeQsJ5KZv25jXK6hMpHVDh6D5uHH8jH19VQF3A0b386lYIT+R1mPqGQ3VNC9+/N2dKdnlMCIj8cUy6TYNApnam6GQrbcXEGKa5Jmsnfn49hxAAAAAbgJ3y4ZJqLf6GsrJjqP6KCRcraIImp/ySjfZtaDi/KG40IHfEaEd43vNsuw2K+gjm7H6z8g34AAjTFoQnd3J6Q=='
    'LOCALAPPDATA' => 'C:\\Users\\Szitár\\AppData\\Local'
    'LOGONSERVER' => '\\\\SZITAR-DELL'
    'NUMBER_OF_PROCESSORS' => '8'
    'OS' => 'Windows_NT'
    'OneDrive' => 'C:\\Users\\Szitár\\OneDrive'
    'PATHEXT' => '.COM;.EXE;.BAT;.CMD;.VBS;.VBE;.JS;.JSE;.WSF;.WSH;.MSC;.PY;.PYW;.CPL'
    'PROCESSOR_ARCHITECTURE' => 'AMD64'
    'PROCESSOR_IDENTIFIER' => 'Intel64 Family 6 Model 140 Stepping 1, GenuineIntel'
    'PROCESSOR_LEVEL' => '6'
    'PROCESSOR_REVISION' => '8c01'
    'PSModulePath' => 'C:\\Users\\Szitár\\Documents\\WindowsPowerShell\\Modules;C:\\Program Files\\WindowsPowerShell\\Modules;C:\\windows\\system32\\WindowsPowerShell\\v1.0\\Modules'
    'PUBLIC' => 'C:\\Users\\Public'
    'Path' => 'c:\\Users\\Szitár\\AppData\\Roaming\\Code\\User\\globalStorage\\github.copilot-chat\\debugCommand;c:\\Users\\Szitár\\AppData\\Roaming\\Code\\User\\globalStorage\\github.copilot-chat\\copilotCli;C:\\Python314\\Scripts\\;C:\\Python314\\;C:\\windows\\system32;C:\\windows;C:\\windows\\System32\\Wbem;C:\\windows\\System32\\WindowsPowerShell\\v1.0\\;C:\\windows\\System32\\OpenSSH\\;C:\\Program Files\\WireGuard\\;C:\\Program Files\\dotnet\\;C:\\Program Files\\PuTTY\\;C:\\Program Files\\Git\\cmd;C:\\Program Files\\nodejs\\;C:\\ProgramData\\chocolatey\\bin;C:\\wamp64\\bin\\php\\php8.2.29;C:\\ProgramData\\ComposerSetup\\bin;C:\\Users\\Szitár\\AppData\\Local\\Microsoft\\WindowsApps;C:\\Users\\Szitár\\AppData\\Local\\Programs\\Microsoft VS Code\\bin;C:\\Program Files\\JetBrains\\PhpStorm 2026.1.4\\bin;C:\\Users\\Szitár\\AppData\\Roaming\\npm;C:\\Users\\Szitár\\AppData\\Roaming\\Composer\\vendor\\bin;C:\\wamp64\\bin\\mysql\\mysql8.4.7\\bin'
    'PhpStorm' => 'C:\\Program Files\\JetBrains\\PhpStorm 2026.1.4\\bin'
    'ProgramData' => 'C:\\ProgramData'
    'ProgramFiles' => 'C:\\Program Files'
    'ProgramFiles(x86)' => 'C:\\Program Files (x86)'
    'ProgramW6432' => 'C:\\Program Files'
    'SESSIONNAME' => 'Console'
    'SystemDrive' => 'C:'
    'SystemRoot' => 'C:\\windows'
    'TEMP' => 'C:\\Users\\SZITR~1\\AppData\\Local\\Temp'
    'TMP' => 'C:\\Users\\SZITR~1\\AppData\\Local\\Temp'
    'USERDOMAIN' => 'Szitar-Dell'
    'USERDOMAIN_ROAMINGPROFILE' => 'Szitar-Dell'
    'USERNAME' => 'Szitár'
    'USERPROFILE' => 'C:\\Users\\Szitár'
    'VSCODE_PYTHON_AUTOACTIVATE_GUARD' => '1'
    'ZES_ENABLE_SYSMAN' => '1'
    'windir' => 'C:\\windows'
    'AI_AGENT' => 'github_copilot_vscode_agent'
    'COPILOT_AGENT' => '1'
    'GIT_PAGER' => 'cat'
    'GIT_MERGE_AUTOEDIT' => 'no'
    'GIT_EDITOR' => ':'
    'DEBIAN_FRONTEND' => 'noninteractive'
    'TERM_PROGRAM' => 'vscode'
    'TERM_PROGRAM_VERSION' => '1.134.0'
    'LANG' => 'en_US.UTF-8'
    'COLORTERM' => 'truecolor'
    'CLAUDE_CODE_SSE_PORT' => '36676'
    'GIT_ASKPASS' => 'c:\\Users\\Szitár\\AppData\\Roaming\\Code\\User\\globalStorage\\vscode.git\\askpass\\70789581cae28aa7\\askpass.sh'
    'VSCODE_GIT_ASKPASS_NODE' => 'C:\\Users\\Szitár\\AppData\\Local\\Programs\\Microsoft VS Code\\Code.exe'
    'VSCODE_GIT_ASKPASS_EXTRA_ARGS' => ''
    'VSCODE_GIT_ASKPASS_MAIN' => 'c:\\Users\\Szitár\\AppData\\Roaming\\Code\\User\\globalStorage\\vscode.git\\askpass\\70789581cae28aa7\\askpass-main.js'
    'VSCODE_GIT_IPC_HANDLE' => '\\\\.\\pipe\\vscode-git-e3a114fd55-sock'
    'COPILOT_DEBUG_NONCE' => '9bbef2da95488b3c32ad6d399efc35a4'
    'VSCODE_INJECTION' => '1'
    'PHP_SELF' => 'yii'
    'SCRIPT_NAME' => 'yii'
    'SCRIPT_FILENAME' => 'yii'
    'PATH_TRANSLATED' => 'yii'
    'DOCUMENT_ROOT' => ''
    'REQUEST_TIME_FLOAT' => 1787730533.0849
    'REQUEST_TIME' => 1787730533
    'argv' => [
        0 => 'yii'
        1 => 'migrate'
        2 => '--interactive=0'
    ]
    'argc' => 3
]
2026-08-26 07:49:03 [-][-][-][error][yii\base\NotSupportedException] yii\base\NotSupportedException: yii\db\sqlite\QueryBuilder::addForeignKey is not supported by SQLite. in C:\Users\Szitár\Documents\team\taskforjuniors\vendor\yiisoft\yii2\db\sqlite\QueryBuilder.php:298
Stack trace:
#0 C:\Users\Szitár\Documents\team\taskforjuniors\vendor\yiisoft\yii2\db\Command.php(810): yii\db\sqlite\QueryBuilder->addForeignKey('fk_equipment_ca...', 'equipment', 'category_id', 'category', 'id', 'RESTRICT', 'CASCADE')
#1 C:\Users\Szitár\Documents\team\taskforjuniors\vendor\yiisoft\yii2\db\Migration.php(478): yii\db\Command->addForeignKey('fk_equipment_ca...', 'equipment', 'category_id', 'category', 'id', 'RESTRICT', 'CASCADE')
#2 C:\Users\Szitár\Documents\team\taskforjuniors\migrations\m250101_000002_create_equipment_table.php(5): yii\db\Migration->addForeignKey('fk_equipment_ca...', 'equipment', 'category_id', 'category', 'id', 'RESTRICT', 'CASCADE')
#3 C:\Users\Szitár\Documents\team\taskforjuniors\migrations\m250101_000002_create_equipment_table.php(7): m250101_000002_create_equipment_table->safeUp()
#4 C:\Users\Szitár\Documents\team\taskforjuniors\vendor\yiisoft\yii2\console\controllers\BaseMigrateController.php(765): m250101_000002_create_equipment_table->up()
#5 C:\Users\Szitár\Documents\team\taskforjuniors\vendor\yiisoft\yii2\console\controllers\BaseMigrateController.php(223): yii\console\controllers\BaseMigrateController->migrateUp('m250101_000002_...')
#6 [internal function]: yii\console\controllers\BaseMigrateController->actionUp(0)
#7 C:\Users\Szitár\Documents\team\taskforjuniors\vendor\yiisoft\yii2\base\InlineAction.php(66): call_user_func_array(Array, Array)
#8 C:\Users\Szitár\Documents\team\taskforjuniors\vendor\yiisoft\yii2\base\Controller.php(197): yii\base\InlineAction->runWithParams(Array)
#9 C:\Users\Szitár\Documents\team\taskforjuniors\vendor\yiisoft\yii2\console\Controller.php(186): yii\base\Controller->runAction('', Array)
#10 C:\Users\Szitár\Documents\team\taskforjuniors\vendor\yiisoft\yii2\base\Module.php(554): yii\console\Controller->runAction('', Array)
#11 C:\Users\Szitár\Documents\team\taskforjuniors\vendor\yiisoft\yii2\console\Application.php(183): yii\base\Module->runAction('migrate', Array)
#12 C:\Users\Szitár\Documents\team\taskforjuniors\vendor\yiisoft\yii2\console\Application.php(150): yii\console\Application->runAction('migrate', Array)
#13 C:\Users\Szitár\Documents\team\taskforjuniors\vendor\yiisoft\yii2\base\Application.php(391): yii\console\Application->handleRequest(Object(yii\console\Request))
#14 C:\Users\Szitár\Documents\team\taskforjuniors\yii(20): yii\base\Application->run()
#15 {main}
2026-08-26 07:49:02 [-][-][-][info][application] $_GET = []

$_POST = []

$_FILES = []

$_COOKIE = []

$_SERVER = [
    'ALLUSERSPROFILE' => 'C:\\ProgramData'
    'APPDATA' => 'C:\\Users\\Szitár\\AppData\\Roaming'
    'CHROME_CRASHPAD_PIPE_NAME' => '\\\\.\\pipe\\crashpad_20832_IVQIQQMUWIMRWGDU'
    'COMPUTERNAME' => 'SZITAR-DELL'
    'ChocolateyInstall' => 'C:\\ProgramData\\chocolatey'
    'ChocolateyLastPathUpdate' => '134291631135613841'
    'ComSpec' => 'C:\\windows\\system32\\cmd.exe'
    'CommonProgramFiles' => 'C:\\Program Files\\Common Files'
    'CommonProgramFiles(x86)' => 'C:\\Program Files (x86)\\Common Files'
    'CommonProgramW6432' => 'C:\\Program Files\\Common Files'
    'DriverData' => 'C:\\Windows\\System32\\Drivers\\DriverData'
    'EFC_11048_1262719628' => '1'
    'EFC_11048_1592913036' => '1'
    'EFC_11048_2283032206' => '1'
    'EFC_11048_2775293581' => '1'
    'EFC_11048_3789132940' => '1'
    'EFC_11048_4126798990' => '1'
    'FPS_BROWSER_APP_PROFILE_STRING' => 'Internet Explorer'
    'FPS_BROWSER_USER_PROFILE_STRING' => 'Default'
    'HOMEDRIVE' => 'C:'
    'HOMEPATH' => '\\Users\\Szitár'
    'IGCCSVC_DB' => 'AQAAANCMnd8BFdERjHoAwE/Cl+sBAAAAdQlofq3nP0yP2FfQt57Y0AQAAAACAAAAAAAQZgAAAAEAACAAAACmXoQzsC5BVPhHepuUF9u0spyaIJI++z/VpHZWbwecSgAAAAAOgAAAAAIAACAAAAB6KfL1BCSW9fufOZBbH5yblZy7EDGe7XagDBON5tye9GAAAAAiMppv84D3CRQSZduIxQoKeQsJ5KZv25jXK6hMpHVDh6D5uHH8jH19VQF3A0b386lYIT+R1mPqGQ3VNC9+/N2dKdnlMCIj8cUy6TYNApnam6GQrbcXEGKa5Jmsnfn49hxAAAAAbgJ3y4ZJqLf6GsrJjqP6KCRcraIImp/ySjfZtaDi/KG40IHfEaEd43vNsuw2K+gjm7H6z8g34AAjTFoQnd3J6Q=='
    'LOCALAPPDATA' => 'C:\\Users\\Szitár\\AppData\\Local'
    'LOGONSERVER' => '\\\\SZITAR-DELL'
    'NUMBER_OF_PROCESSORS' => '8'
    'OS' => 'Windows_NT'
    'OneDrive' => 'C:\\Users\\Szitár\\OneDrive'
    'PATHEXT' => '.COM;.EXE;.BAT;.CMD;.VBS;.VBE;.JS;.JSE;.WSF;.WSH;.MSC;.PY;.PYW;.CPL'
    'PROCESSOR_ARCHITECTURE' => 'AMD64'
    'PROCESSOR_IDENTIFIER' => 'Intel64 Family 6 Model 140 Stepping 1, GenuineIntel'
    'PROCESSOR_LEVEL' => '6'
    'PROCESSOR_REVISION' => '8c01'
    'PSModulePath' => 'C:\\Users\\Szitár\\Documents\\WindowsPowerShell\\Modules;C:\\Program Files\\WindowsPowerShell\\Modules;C:\\windows\\system32\\WindowsPowerShell\\v1.0\\Modules'
    'PUBLIC' => 'C:\\Users\\Public'
    'Path' => 'c:\\Users\\Szitár\\AppData\\Roaming\\Code\\User\\globalStorage\\github.copilot-chat\\debugCommand;c:\\Users\\Szitár\\AppData\\Roaming\\Code\\User\\globalStorage\\github.copilot-chat\\copilotCli;C:\\Python314\\Scripts\\;C:\\Python314\\;C:\\windows\\system32;C:\\windows;C:\\windows\\System32\\Wbem;C:\\windows\\System32\\WindowsPowerShell\\v1.0\\;C:\\windows\\System32\\OpenSSH\\;C:\\Program Files\\WireGuard\\;C:\\Program Files\\dotnet\\;C:\\Program Files\\PuTTY\\;C:\\Program Files\\Git\\cmd;C:\\Program Files\\nodejs\\;C:\\ProgramData\\chocolatey\\bin;C:\\wamp64\\bin\\php\\php8.2.29;C:\\ProgramData\\ComposerSetup\\bin;C:\\Users\\Szitár\\AppData\\Local\\Microsoft\\WindowsApps;C:\\Users\\Szitár\\AppData\\Local\\Programs\\Microsoft VS Code\\bin;C:\\Program Files\\JetBrains\\PhpStorm 2026.1.4\\bin;C:\\Users\\Szitár\\AppData\\Roaming\\npm;C:\\Users\\Szitár\\AppData\\Roaming\\Composer\\vendor\\bin;C:\\wamp64\\bin\\mysql\\mysql8.4.7\\bin'
    'PhpStorm' => 'C:\\Program Files\\JetBrains\\PhpStorm 2026.1.4\\bin'
    'ProgramData' => 'C:\\ProgramData'
    'ProgramFiles' => 'C:\\Program Files'
    'ProgramFiles(x86)' => 'C:\\Program Files (x86)'
    'ProgramW6432' => 'C:\\Program Files'
    'SESSIONNAME' => 'Console'
    'SystemDrive' => 'C:'
    'SystemRoot' => 'C:\\windows'
    'TEMP' => 'C:\\Users\\SZITR~1\\AppData\\Local\\Temp'
    'TMP' => 'C:\\Users\\SZITR~1\\AppData\\Local\\Temp'
    'USERDOMAIN' => 'Szitar-Dell'
    'USERDOMAIN_ROAMINGPROFILE' => 'Szitar-Dell'
    'USERNAME' => 'Szitár'
    'USERPROFILE' => 'C:\\Users\\Szitár'
    'VSCODE_PYTHON_AUTOACTIVATE_GUARD' => '1'
    'ZES_ENABLE_SYSMAN' => '1'
    'windir' => 'C:\\windows'
    'AI_AGENT' => 'github_copilot_vscode_agent'
    'COPILOT_AGENT' => '1'
    'GIT_PAGER' => 'cat'
    'GIT_MERGE_AUTOEDIT' => 'no'
    'GIT_EDITOR' => ':'
    'DEBIAN_FRONTEND' => 'noninteractive'
    'TERM_PROGRAM' => 'vscode'
    'TERM_PROGRAM_VERSION' => '1.134.0'
    'LANG' => 'en_US.UTF-8'
    'COLORTERM' => 'truecolor'
    'CLAUDE_CODE_SSE_PORT' => '36676'
    'GIT_ASKPASS' => 'c:\\Users\\Szitár\\AppData\\Roaming\\Code\\User\\globalStorage\\vscode.git\\askpass\\70789581cae28aa7\\askpass.sh'
    'VSCODE_GIT_ASKPASS_NODE' => 'C:\\Users\\Szitár\\AppData\\Local\\Programs\\Microsoft VS Code\\Code.exe'
    'VSCODE_GIT_ASKPASS_EXTRA_ARGS' => ''
    'VSCODE_GIT_ASKPASS_MAIN' => 'c:\\Users\\Szitár\\AppData\\Roaming\\Code\\User\\globalStorage\\vscode.git\\askpass\\70789581cae28aa7\\askpass-main.js'
    'VSCODE_GIT_IPC_HANDLE' => '\\\\.\\pipe\\vscode-git-e3a114fd55-sock'
    'COPILOT_DEBUG_NONCE' => '9bbef2da95488b3c32ad6d399efc35a4'
    'VSCODE_INJECTION' => '1'
    'PHP_SELF' => 'yii'
    'SCRIPT_NAME' => 'yii'
    'SCRIPT_FILENAME' => 'yii'
    'PATH_TRANSLATED' => 'yii'
    'DOCUMENT_ROOT' => ''
    'REQUEST_TIME_FLOAT' => 1787730542.9741
    'REQUEST_TIME' => 1787730542
    'argv' => [
        0 => 'yii'
        1 => 'migrate'
        2 => '--interactive=0'
    ]
    'argc' => 3
]
2026-08-26 07:49:15 [-][-][-][error][yii\base\UnknownMethodException] yii\base\UnknownMethodException: Calling unknown method: yii\db\sqlite\ColumnSchemaBuilder::references() in C:\Users\Szitár\Documents\team\taskforjuniors\vendor\yiisoft\yii2\base\BaseObject.php:225
Stack trace:
#0 C:\Users\Szitár\Documents\team\taskforjuniors\migrations\m250101_000002_create_equipment_table.php(5): yii\base\BaseObject->__call('references', Array)
#1 C:\Users\Szitár\Documents\team\taskforjuniors\migrations\m250101_000002_create_equipment_table.php(7): m250101_000002_create_equipment_table->safeUp()
#2 C:\Users\Szitár\Documents\team\taskforjuniors\vendor\yiisoft\yii2\console\controllers\BaseMigrateController.php(765): m250101_000002_create_equipment_table->up()
#3 C:\Users\Szitár\Documents\team\taskforjuniors\vendor\yiisoft\yii2\console\controllers\BaseMigrateController.php(223): yii\console\controllers\BaseMigrateController->migrateUp('m250101_000002_...')
#4 [internal function]: yii\console\controllers\BaseMigrateController->actionUp(0)
#5 C:\Users\Szitár\Documents\team\taskforjuniors\vendor\yiisoft\yii2\base\InlineAction.php(66): call_user_func_array(Array, Array)
#6 C:\Users\Szitár\Documents\team\taskforjuniors\vendor\yiisoft\yii2\base\Controller.php(197): yii\base\InlineAction->runWithParams(Array)
#7 C:\Users\Szitár\Documents\team\taskforjuniors\vendor\yiisoft\yii2\console\Controller.php(186): yii\base\Controller->runAction('', Array)
#8 C:\Users\Szitár\Documents\team\taskforjuniors\vendor\yiisoft\yii2\base\Module.php(554): yii\console\Controller->runAction('', Array)
#9 C:\Users\Szitár\Documents\team\taskforjuniors\vendor\yiisoft\yii2\console\Application.php(183): yii\base\Module->runAction('migrate', Array)
#10 C:\Users\Szitár\Documents\team\taskforjuniors\vendor\yiisoft\yii2\console\Application.php(150): yii\console\Application->runAction('migrate', Array)
#11 C:\Users\Szitár\Documents\team\taskforjuniors\vendor\yiisoft\yii2\base\Application.php(391): yii\console\Application->handleRequest(Object(yii\console\Request))
#12 C:\Users\Szitár\Documents\team\taskforjuniors\yii(20): yii\base\Application->run()
#13 {main}
2026-08-26 07:49:15 [-][-][-][info][application] $_GET = []

$_POST = []

$_FILES = []

$_COOKIE = []

$_SERVER = [
    'ALLUSERSPROFILE' => 'C:\\ProgramData'
    'APPDATA' => 'C:\\Users\\Szitár\\AppData\\Roaming'
    'CHROME_CRASHPAD_PIPE_NAME' => '\\\\.\\pipe\\crashpad_20832_IVQIQQMUWIMRWGDU'
    'COMPUTERNAME' => 'SZITAR-DELL'
    'ChocolateyInstall' => 'C:\\ProgramData\\chocolatey'
    'ChocolateyLastPathUpdate' => '134291631135613841'
    'ComSpec' => 'C:\\windows\\system32\\cmd.exe'
    'CommonProgramFiles' => 'C:\\Program Files\\Common Files'
    'CommonProgramFiles(x86)' => 'C:\\Program Files (x86)\\Common Files'
    'CommonProgramW6432' => 'C:\\Program Files\\Common Files'
    'DriverData' => 'C:\\Windows\\System32\\Drivers\\DriverData'
    'EFC_11048_1262719628' => '1'
    'EFC_11048_1592913036' => '1'
    'EFC_11048_2283032206' => '1'
    'EFC_11048_2775293581' => '1'
    'EFC_11048_3789132940' => '1'
    'EFC_11048_4126798990' => '1'
    'FPS_BROWSER_APP_PROFILE_STRING' => 'Internet Explorer'
    'FPS_BROWSER_USER_PROFILE_STRING' => 'Default'
    'HOMEDRIVE' => 'C:'
    'HOMEPATH' => '\\Users\\Szitár'
    'IGCCSVC_DB' => 'AQAAANCMnd8BFdERjHoAwE/Cl+sBAAAAdQlofq3nP0yP2FfQt57Y0AQAAAACAAAAAAAQZgAAAAEAACAAAACmXoQzsC5BVPhHepuUF9u0spyaIJI++z/VpHZWbwecSgAAAAAOgAAAAAIAACAAAAB6KfL1BCSW9fufOZBbH5yblZy7EDGe7XagDBON5tye9GAAAAAiMppv84D3CRQSZduIxQoKeQsJ5KZv25jXK6hMpHVDh6D5uHH8jH19VQF3A0b386lYIT+R1mPqGQ3VNC9+/N2dKdnlMCIj8cUy6TYNApnam6GQrbcXEGKa5Jmsnfn49hxAAAAAbgJ3y4ZJqLf6GsrJjqP6KCRcraIImp/ySjfZtaDi/KG40IHfEaEd43vNsuw2K+gjm7H6z8g34AAjTFoQnd3J6Q=='
    'LOCALAPPDATA' => 'C:\\Users\\Szitár\\AppData\\Local'
    'LOGONSERVER' => '\\\\SZITAR-DELL'
    'NUMBER_OF_PROCESSORS' => '8'
    'OS' => 'Windows_NT'
    'OneDrive' => 'C:\\Users\\Szitár\\OneDrive'
    'PATHEXT' => '.COM;.EXE;.BAT;.CMD;.VBS;.VBE;.JS;.JSE;.WSF;.WSH;.MSC;.PY;.PYW;.CPL'
    'PROCESSOR_ARCHITECTURE' => 'AMD64'
    'PROCESSOR_IDENTIFIER' => 'Intel64 Family 6 Model 140 Stepping 1, GenuineIntel'
    'PROCESSOR_LEVEL' => '6'
    'PROCESSOR_REVISION' => '8c01'
    'PSModulePath' => 'C:\\Users\\Szitár\\Documents\\WindowsPowerShell\\Modules;C:\\Program Files\\WindowsPowerShell\\Modules;C:\\windows\\system32\\WindowsPowerShell\\v1.0\\Modules'
    'PUBLIC' => 'C:\\Users\\Public'
    'Path' => 'c:\\Users\\Szitár\\AppData\\Roaming\\Code\\User\\globalStorage\\github.copilot-chat\\debugCommand;c:\\Users\\Szitár\\AppData\\Roaming\\Code\\User\\globalStorage\\github.copilot-chat\\copilotCli;C:\\Python314\\Scripts\\;C:\\Python314\\;C:\\windows\\system32;C:\\windows;C:\\windows\\System32\\Wbem;C:\\windows\\System32\\WindowsPowerShell\\v1.0\\;C:\\windows\\System32\\OpenSSH\\;C:\\Program Files\\WireGuard\\;C:\\Program Files\\dotnet\\;C:\\Program Files\\PuTTY\\;C:\\Program Files\\Git\\cmd;C:\\Program Files\\nodejs\\;C:\\ProgramData\\chocolatey\\bin;C:\\wamp64\\bin\\php\\php8.2.29;C:\\ProgramData\\ComposerSetup\\bin;C:\\Users\\Szitár\\AppData\\Local\\Microsoft\\WindowsApps;C:\\Users\\Szitár\\AppData\\Local\\Programs\\Microsoft VS Code\\bin;C:\\Program Files\\JetBrains\\PhpStorm 2026.1.4\\bin;C:\\Users\\Szitár\\AppData\\Roaming\\npm;C:\\Users\\Szitár\\AppData\\Roaming\\Composer\\vendor\\bin;C:\\wamp64\\bin\\mysql\\mysql8.4.7\\bin'
    'PhpStorm' => 'C:\\Program Files\\JetBrains\\PhpStorm 2026.1.4\\bin'
    'ProgramData' => 'C:\\ProgramData'
    'ProgramFiles' => 'C:\\Program Files'
    'ProgramFiles(x86)' => 'C:\\Program Files (x86)'
    'ProgramW6432' => 'C:\\Program Files'
    'SESSIONNAME' => 'Console'
    'SystemDrive' => 'C:'
    'SystemRoot' => 'C:\\windows'
    'TEMP' => 'C:\\Users\\SZITR~1\\AppData\\Local\\Temp'
    'TMP' => 'C:\\Users\\SZITR~1\\AppData\\Local\\Temp'
    'USERDOMAIN' => 'Szitar-Dell'
    'USERDOMAIN_ROAMINGPROFILE' => 'Szitar-Dell'
    'USERNAME' => 'Szitár'
    'USERPROFILE' => 'C:\\Users\\Szitár'
    'VSCODE_PYTHON_AUTOACTIVATE_GUARD' => '1'
    'ZES_ENABLE_SYSMAN' => '1'
    'windir' => 'C:\\windows'
    'AI_AGENT' => 'github_copilot_vscode_agent'
    'COPILOT_AGENT' => '1'
    'GIT_PAGER' => 'cat'
    'GIT_MERGE_AUTOEDIT' => 'no'
    'GIT_EDITOR' => ':'
    'DEBIAN_FRONTEND' => 'noninteractive'
    'TERM_PROGRAM' => 'vscode'
    'TERM_PROGRAM_VERSION' => '1.134.0'
    'LANG' => 'en_US.UTF-8'
    'COLORTERM' => 'truecolor'
    'CLAUDE_CODE_SSE_PORT' => '36676'
    'GIT_ASKPASS' => 'c:\\Users\\Szitár\\AppData\\Roaming\\Code\\User\\globalStorage\\vscode.git\\askpass\\70789581cae28aa7\\askpass.sh'
    'VSCODE_GIT_ASKPASS_NODE' => 'C:\\Users\\Szitár\\AppData\\Local\\Programs\\Microsoft VS Code\\Code.exe'
    'VSCODE_GIT_ASKPASS_EXTRA_ARGS' => ''
    'VSCODE_GIT_ASKPASS_MAIN' => 'c:\\Users\\Szitár\\AppData\\Roaming\\Code\\User\\globalStorage\\vscode.git\\askpass\\70789581cae28aa7\\askpass-main.js'
    'VSCODE_GIT_IPC_HANDLE' => '\\\\.\\pipe\\vscode-git-e3a114fd55-sock'
    'COPILOT_DEBUG_NONCE' => '9bbef2da95488b3c32ad6d399efc35a4'
    'VSCODE_INJECTION' => '1'
    'PHP_SELF' => 'yii'
    'SCRIPT_NAME' => 'yii'
    'SCRIPT_FILENAME' => 'yii'
    'PATH_TRANSLATED' => 'yii'
    'DOCUMENT_ROOT' => ''
    'REQUEST_TIME_FLOAT' => 1787730555.7652
    'REQUEST_TIME' => 1787730555
    'argv' => [
        0 => 'yii'
        1 => 'migrate'
        2 => '--interactive=0'
    ]
    'argc' => 3
]
2026-08-26 10:25:58 [127.0.0.1][100][8cnphgo49v12fe6amed7u6d4bs][error][yii\base\InvalidConfigException] yii\base\InvalidConfigException: The "label" element is required for each link. in C:\Users\Szitár\Documents\team\taskforjuniors\vendor\yiisoft\yii2\widgets\Breadcrumbs.php:166
Stack trace:
#0 C:\Users\Szitár\Documents\team\taskforjuniors\vendor\yiisoft\yii2\widgets\Breadcrumbs.php(148): yii\widgets\Breadcrumbs->renderItem(Array, '<li class="brea...')
#1 C:\Users\Szitár\Documents\team\taskforjuniors\vendor\yiisoft\yii2-bootstrap5\src\Breadcrumbs.php(103): yii\widgets\Breadcrumbs->run()
#2 C:\Users\Szitár\Documents\team\taskforjuniors\vendor\yiisoft\yii2\base\Widget.php(148): yii\bootstrap5\Breadcrumbs->run()
#3 C:\Users\Szitár\Documents\team\taskforjuniors\views\layouts\main.php(63): yii\base\Widget::widget(Array)
#4 C:\Users\Szitár\Documents\team\taskforjuniors\vendor\yiisoft\yii2\base\View.php(347): require('C:\\Users\\Szit\xC3\xA1...')
#5 C:\Users\Szitár\Documents\team\taskforjuniors\vendor\yiisoft\yii2\base\View.php(257): yii\base\View->renderPhpFile('C:\\Users\\Szit\xC3\xA1...', Array)
#6 C:\Users\Szitár\Documents\team\taskforjuniors\vendor\yiisoft\yii2\base\Controller.php(465): yii\base\View->renderFile('C:\\Users\\Szit\xC3\xA1...', Array, Object(app\controllers\ReportController))
#7 C:\Users\Szitár\Documents\team\taskforjuniors\vendor\yiisoft\yii2\base\Controller.php(451): yii\base\Controller->renderContent('<div class="rep...')
#8 C:\Users\Szitár\Documents\team\taskforjuniors\controllers\ReportController.php(24): yii\base\Controller->render('overdue', Array)
#9 [internal function]: app\controllers\ReportController->actionOverdue()
#10 C:\Users\Szitár\Documents\team\taskforjuniors\vendor\yiisoft\yii2\base\InlineAction.php(66): call_user_func_array(Array, Array)
#11 C:\Users\Szitár\Documents\team\taskforjuniors\vendor\yiisoft\yii2\base\Controller.php(197): yii\base\InlineAction->runWithParams(Array)
#12 C:\Users\Szitár\Documents\team\taskforjuniors\vendor\yiisoft\yii2\base\Module.php(554): yii\base\Controller->runAction('overdue', Array)
#13 C:\Users\Szitár\Documents\team\taskforjuniors\vendor\yiisoft\yii2\web\Application.php(112): yii\base\Module->runAction('report/overdue', Array)
#14 C:\Users\Szitár\Documents\team\taskforjuniors\vendor\yiisoft\yii2\base\Application.php(391): yii\web\Application->handleRequest(Object(yii\web\Request))
#15 C:\Users\Szitár\Documents\team\taskforjuniors\web\index.php(12): yii\base\Application->run()
#16 {main}
2026-08-26 10:25:58 [127.0.0.1][100][8cnphgo49v12fe6amed7u6d4bs][info][application] $_GET = [
    'r' => 'report/overdue'
]

$_POST = []

$_FILES = []

$_COOKIE = [
    'PHPSESSID' => '8cnphgo49v12fe6amed7u6d4bs'
    '_csrf' => '95065699f080743f497c38f5401aefa482f34698f1057a336095839244e63dfba:2:{i:0;s:5:\"_csrf\";i:1;s:32:\"iv5M9RdHZm3OpwtyjeCzxCTwuxPiOrP_\";}'
]

$_SESSION = [
    '__flash' => []
    '__returnUrl' => 'http://127.0.0.1:8091/index.php?r=report%2Foverdue'
    '__id' => '100'
    '__authKey' => 'test100key'
]

$_SERVER = [
    'DOCUMENT_ROOT' => 'C:\\Users\\Szitár\\Documents\\team\\taskforjuniors\\web'
    'REMOTE_ADDR' => '127.0.0.1'
    'REMOTE_PORT' => '56324'
    'SERVER_SOFTWARE' => 'PHP 8.2.29 Development Server'
    'SERVER_PROTOCOL' => 'HTTP/1.1'
    'SERVER_NAME' => '127.0.0.1'
    'SERVER_PORT' => '8091'
    'REQUEST_URI' => '/index.php?r=report%2Foverdue'
    'REQUEST_METHOD' => 'GET'
    'SCRIPT_NAME' => '/index.php'
    'SCRIPT_FILENAME' => 'C:\\Users\\Szitár\\Documents\\team\\taskforjuniors\\web\\index.php'
    'PHP_SELF' => '/index.php'
    'QUERY_STRING' => 'r=report%2Foverdue'
    'HTTP_HOST' => '127.0.0.1:8091'
    'HTTP_CONNECTION' => 'keep-alive'
    'HTTP_CACHE_CONTROL' => 'max-age=0'
    'HTTP_UPGRADE_INSECURE_REQUESTS' => '1'
    'HTTP_USER_AGENT' => 'Mozilla/5.0 (Windows NT 10.0; Win64; x64) AppleWebKit/537.36 (KHTML, like Gecko) Chrome/151.0.0.0 Safari/537.36 Edg/151.0.0.0'
    'HTTP_ACCEPT' => 'text/html,application/xhtml+xml,application/xml;q=0.9,image/avif,image/webp,image/apng,*/*;q=0.8,application/signed-exchange;v=b3;q=0.7'
    'HTTP_SEC_FETCH_SITE' => 'same-origin'
    'HTTP_SEC_FETCH_MODE' => 'navigate'
    'HTTP_SEC_FETCH_USER' => '?1'
    'HTTP_SEC_FETCH_DEST' => 'document'
    'HTTP_SEC_CH_UA' => '\"Not=A?Brand\";v=\"99\", \"Microsoft Edge\";v=\"151\", \"Chromium\";v=\"151\"'
    'HTTP_SEC_CH_UA_MOBILE' => '?0'
    'HTTP_SEC_CH_UA_PLATFORM' => '\"Windows\"'
    'HTTP_REFERER' => 'http://127.0.0.1:8091/index.php?r=site%2Flogin'
    'HTTP_ACCEPT_ENCODING' => 'gzip, deflate, br, zstd'
    'HTTP_ACCEPT_LANGUAGE' => 'hu,en;q=0.9,en-GB;q=0.8,en-US;q=0.7'
    'HTTP_COOKIE' => 'PHPSESSID=8cnphgo49v12fe6amed7u6d4bs; _csrf=95065699f080743f497c38f5401aefa482f34698f1057a336095839244e63dfba%3A2%3A%7Bi%3A0%3Bs%3A5%3A%22_csrf%22%3Bi%3A1%3Bs%3A32%3A%22iv5M9RdHZm3OpwtyjeCzxCTwuxPiOrP_%22%3B%7D'
    'REQUEST_TIME_FLOAT' => 1787732758.0661
    'REQUEST_TIME' => 1787732758
]
2026-08-26 10:26:11 [127.0.0.1][100][8cnphgo49v12fe6amed7u6d4bs][error][yii\base\InvalidConfigException] yii\base\InvalidConfigException: The "label" element is required for each link. in C:\Users\Szitár\Documents\team\taskforjuniors\vendor\yiisoft\yii2\widgets\Breadcrumbs.php:166
Stack trace:
#0 C:\Users\Szitár\Documents\team\taskforjuniors\vendor\yiisoft\yii2\widgets\Breadcrumbs.php(148): yii\widgets\Breadcrumbs->renderItem(Array, '<li class="brea...')
#1 C:\Users\Szitár\Documents\team\taskforjuniors\vendor\yiisoft\yii2-bootstrap5\src\Breadcrumbs.php(103): yii\widgets\Breadcrumbs->run()
#2 C:\Users\Szitár\Documents\team\taskforjuniors\vendor\yiisoft\yii2\base\Widget.php(148): yii\bootstrap5\Breadcrumbs->run()
#3 C:\Users\Szitár\Documents\team\taskforjuniors\views\layouts\main.php(63): yii\base\Widget::widget(Array)
#4 C:\Users\Szitár\Documents\team\taskforjuniors\vendor\yiisoft\yii2\base\View.php(347): require('C:\\Users\\Szit\xC3\xA1...')
#5 C:\Users\Szitár\Documents\team\taskforjuniors\vendor\yiisoft\yii2\base\View.php(257): yii\base\View->renderPhpFile('C:\\Users\\Szit\xC3\xA1...', Array)
#6 C:\Users\Szitár\Documents\team\taskforjuniors\vendor\yiisoft\yii2\base\Controller.php(465): yii\base\View->renderFile('C:\\Users\\Szit\xC3\xA1...', Array, Object(app\controllers\ReportController))
#7 C:\Users\Szitár\Documents\team\taskforjuniors\vendor\yiisoft\yii2\base\Controller.php(451): yii\base\Controller->renderContent('<div class="rep...')
#8 C:\Users\Szitár\Documents\team\taskforjuniors\controllers\ReportController.php(24): yii\base\Controller->render('overdue', Array)
#9 [internal function]: app\controllers\ReportController->actionOverdue()
#10 C:\Users\Szitár\Documents\team\taskforjuniors\vendor\yiisoft\yii2\base\InlineAction.php(66): call_user_func_array(Array, Array)
#11 C:\Users\Szitár\Documents\team\taskforjuniors\vendor\yiisoft\yii2\base\Controller.php(197): yii\base\InlineAction->runWithParams(Array)
#12 C:\Users\Szitár\Documents\team\taskforjuniors\vendor\yiisoft\yii2\base\Module.php(554): yii\base\Controller->runAction('overdue', Array)
#13 C:\Users\Szitár\Documents\team\taskforjuniors\vendor\yiisoft\yii2\web\Application.php(112): yii\base\Module->runAction('report/overdue', Array)
#14 C:\Users\Szitár\Documents\team\taskforjuniors\vendor\yiisoft\yii2\base\Application.php(391): yii\web\Application->handleRequest(Object(yii\web\Request))
#15 C:\Users\Szitár\Documents\team\taskforjuniors\web\index.php(12): yii\base\Application->run()
#16 {main}
2026-08-26 10:26:10 [127.0.0.1][100][8cnphgo49v12fe6amed7u6d4bs][info][application] $_GET = [
    'r' => 'report/overdue'
]

$_POST = []

$_FILES = []

$_COOKIE = [
    'PHPSESSID' => '8cnphgo49v12fe6amed7u6d4bs'
    '_csrf' => '95065699f080743f497c38f5401aefa482f34698f1057a336095839244e63dfba:2:{i:0;s:5:\"_csrf\";i:1;s:32:\"iv5M9RdHZm3OpwtyjeCzxCTwuxPiOrP_\";}'
]

$_SESSION = [
    '__flash' => []
    '__returnUrl' => 'http://127.0.0.1:8091/index.php?r=report%2Foverdue'
    '__id' => '100'
    '__authKey' => 'test100key'
]

$_SERVER = [
    'DOCUMENT_ROOT' => 'C:\\Users\\Szitár\\Documents\\team\\taskforjuniors\\web'
    'REMOTE_ADDR' => '127.0.0.1'
    'REMOTE_PORT' => '49201'
    'SERVER_SOFTWARE' => 'PHP 8.2.29 Development Server'
    'SERVER_PROTOCOL' => 'HTTP/1.1'
    'SERVER_NAME' => '127.0.0.1'
    'SERVER_PORT' => '8091'
    'REQUEST_URI' => '/index.php?r=report%2Foverdue'
    'REQUEST_METHOD' => 'GET'
    'SCRIPT_NAME' => '/index.php'
    'SCRIPT_FILENAME' => 'C:\\Users\\Szitár\\Documents\\team\\taskforjuniors\\web\\index.php'
    'PHP_SELF' => '/index.php'
    'QUERY_STRING' => 'r=report%2Foverdue'
    'HTTP_HOST' => '127.0.0.1:8091'
    'HTTP_CONNECTION' => 'keep-alive'
    'HTTP_SEC_CH_UA' => '\"Not=A?Brand\";v=\"99\", \"Microsoft Edge\";v=\"151\", \"Chromium\";v=\"151\"'
    'HTTP_SEC_CH_UA_MOBILE' => '?0'
    'HTTP_SEC_CH_UA_PLATFORM' => '\"Windows\"'
    'HTTP_UPGRADE_INSECURE_REQUESTS' => '1'
    'HTTP_USER_AGENT' => 'Mozilla/5.0 (Windows NT 10.0; Win64; x64) AppleWebKit/537.36 (KHTML, like Gecko) Chrome/151.0.0.0 Safari/537.36 Edg/151.0.0.0'
    'HTTP_ACCEPT' => 'text/html,application/xhtml+xml,application/xml;q=0.9,image/avif,image/webp,image/apng,*/*;q=0.8,application/signed-exchange;v=b3;q=0.7'
    'HTTP_SEC_FETCH_SITE' => 'same-origin'
    'HTTP_SEC_FETCH_MODE' => 'navigate'
    'HTTP_SEC_FETCH_USER' => '?1'
    'HTTP_SEC_FETCH_DEST' => 'document'
    'HTTP_REFERER' => 'http://127.0.0.1:8091/index.php'
    'HTTP_ACCEPT_ENCODING' => 'gzip, deflate, br, zstd'
    'HTTP_ACCEPT_LANGUAGE' => 'hu,en;q=0.9,en-GB;q=0.8,en-US;q=0.7'
    'HTTP_COOKIE' => 'PHPSESSID=8cnphgo49v12fe6amed7u6d4bs; _csrf=95065699f080743f497c38f5401aefa482f34698f1057a336095839244e63dfba%3A2%3A%7Bi%3A0%3Bs%3A5%3A%22_csrf%22%3Bi%3A1%3Bs%3A32%3A%22iv5M9RdHZm3OpwtyjeCzxCTwuxPiOrP_%22%3B%7D'
    'REQUEST_TIME_FLOAT' => 1787732770.9813
    'REQUEST_TIME' => 1787732770
]
2026-08-26 10:26:49 [127.0.0.1][100][8cnphgo49v12fe6amed7u6d4bs][error][yii\base\InvalidConfigException] yii\base\InvalidConfigException: The "label" element is required for each link. in C:\Users\Szitár\Documents\team\taskforjuniors\vendor\yiisoft\yii2\widgets\Breadcrumbs.php:166
Stack trace:
#0 C:\Users\Szitár\Documents\team\taskforjuniors\vendor\yiisoft\yii2\widgets\Breadcrumbs.php(148): yii\widgets\Breadcrumbs->renderItem(Array, '<li class="brea...')
#1 C:\Users\Szitár\Documents\team\taskforjuniors\vendor\yiisoft\yii2-bootstrap5\src\Breadcrumbs.php(103): yii\widgets\Breadcrumbs->run()
#2 C:\Users\Szitár\Documents\team\taskforjuniors\vendor\yiisoft\yii2\base\Widget.php(148): yii\bootstrap5\Breadcrumbs->run()
#3 C:\Users\Szitár\Documents\team\taskforjuniors\views\layouts\main.php(63): yii\base\Widget::widget(Array)
#4 C:\Users\Szitár\Documents\team\taskforjuniors\vendor\yiisoft\yii2\base\View.php(347): require('C:\\Users\\Szit\xC3\xA1...')
#5 C:\Users\Szitár\Documents\team\taskforjuniors\vendor\yiisoft\yii2\base\View.php(257): yii\base\View->renderPhpFile('C:\\Users\\Szit\xC3\xA1...', Array)
#6 C:\Users\Szitár\Documents\team\taskforjuniors\vendor\yiisoft\yii2\base\Controller.php(465): yii\base\View->renderFile('C:\\Users\\Szit\xC3\xA1...', Array, Object(app\controllers\ReportController))
#7 C:\Users\Szitár\Documents\team\taskforjuniors\vendor\yiisoft\yii2\base\Controller.php(451): yii\base\Controller->renderContent('<div class="rep...')
#8 C:\Users\Szitár\Documents\team\taskforjuniors\controllers\ReportController.php(24): yii\base\Controller->render('overdue', Array)
#9 [internal function]: app\controllers\ReportController->actionOverdue()
#10 C:\Users\Szitár\Documents\team\taskforjuniors\vendor\yiisoft\yii2\base\InlineAction.php(66): call_user_func_array(Array, Array)
#11 C:\Users\Szitár\Documents\team\taskforjuniors\vendor\yiisoft\yii2\base\Controller.php(197): yii\base\InlineAction->runWithParams(Array)
#12 C:\Users\Szitár\Documents\team\taskforjuniors\vendor\yiisoft\yii2\base\Module.php(554): yii\base\Controller->runAction('overdue', Array)
#13 C:\Users\Szitár\Documents\team\taskforjuniors\vendor\yiisoft\yii2\web\Application.php(112): yii\base\Module->runAction('report/overdue', Array)
#14 C:\Users\Szitár\Documents\team\taskforjuniors\vendor\yiisoft\yii2\base\Application.php(391): yii\web\Application->handleRequest(Object(yii\web\Request))
#15 C:\Users\Szitár\Documents\team\taskforjuniors\web\index.php(12): yii\base\Application->run()
#16 {main}
2026-08-26 10:26:49 [127.0.0.1][100][8cnphgo49v12fe6amed7u6d4bs][info][application] $_GET = [
    'r' => 'report/overdue'
]

$_POST = []

$_FILES = []

$_COOKIE = [
    'PHPSESSID' => '8cnphgo49v12fe6amed7u6d4bs'
    '_csrf' => '95065699f080743f497c38f5401aefa482f34698f1057a336095839244e63dfba:2:{i:0;s:5:\"_csrf\";i:1;s:32:\"iv5M9RdHZm3OpwtyjeCzxCTwuxPiOrP_\";}'
]

$_SESSION = [
    '__flash' => []
    '__returnUrl' => 'http://127.0.0.1:8091/index.php?r=report%2Foverdue'
    '__id' => '100'
    '__authKey' => 'test100key'
]

$_SERVER = [
    'DOCUMENT_ROOT' => 'C:\\Users\\Szitár\\Documents\\team\\taskforjuniors\\web'
    'REMOTE_ADDR' => '127.0.0.1'
    'REMOTE_PORT' => '53660'
    'SERVER_SOFTWARE' => 'PHP 8.2.29 Development Server'
    'SERVER_PROTOCOL' => 'HTTP/1.1'
    'SERVER_NAME' => '127.0.0.1'
    'SERVER_PORT' => '8091'
    'REQUEST_URI' => '/index.php?r=report%2Foverdue'
    'REQUEST_METHOD' => 'GET'
    'SCRIPT_NAME' => '/index.php'
    'SCRIPT_FILENAME' => 'C:\\Users\\Szitár\\Documents\\team\\taskforjuniors\\web\\index.php'
    'PHP_SELF' => '/index.php'
    'QUERY_STRING' => 'r=report%2Foverdue'
    'HTTP_HOST' => '127.0.0.1:8091'
    'HTTP_CONNECTION' => 'keep-alive'
    'HTTP_CACHE_CONTROL' => 'max-age=0'
    'HTTP_SEC_CH_UA' => '\"Not=A?Brand\";v=\"99\", \"Microsoft Edge\";v=\"151\", \"Chromium\";v=\"151\"'
    'HTTP_SEC_CH_UA_MOBILE' => '?0'
    'HTTP_SEC_CH_UA_PLATFORM' => '\"Windows\"'
    'HTTP_UPGRADE_INSECURE_REQUESTS' => '1'
    'HTTP_USER_AGENT' => 'Mozilla/5.0 (Windows NT 10.0; Win64; x64) AppleWebKit/537.36 (KHTML, like Gecko) Chrome/151.0.0.0 Safari/537.36 Edg/151.0.0.0'
    'HTTP_ACCEPT' => 'text/html,application/xhtml+xml,application/xml;q=0.9,image/avif,image/webp,image/apng,*/*;q=0.8,application/signed-exchange;v=b3;q=0.7'
    'HTTP_SEC_FETCH_SITE' => 'same-origin'
    'HTTP_SEC_FETCH_MODE' => 'navigate'
    'HTTP_SEC_FETCH_USER' => '?1'
    'HTTP_SEC_FETCH_DEST' => 'document'
    'HTTP_REFERER' => 'http://127.0.0.1:8091/index.php'
    'HTTP_ACCEPT_ENCODING' => 'gzip, deflate, br, zstd'
    'HTTP_ACCEPT_LANGUAGE' => 'hu,en;q=0.9,en-GB;q=0.8,en-US;q=0.7'
    'HTTP_COOKIE' => 'PHPSESSID=8cnphgo49v12fe6amed7u6d4bs; _csrf=95065699f080743f497c38f5401aefa482f34698f1057a336095839244e63dfba%3A2%3A%7Bi%3A0%3Bs%3A5%3A%22_csrf%22%3Bi%3A1%3Bs%3A32%3A%22iv5M9RdHZm3OpwtyjeCzxCTwuxPiOrP_%22%3B%7D'
    'REQUEST_TIME_FLOAT' => 1787732809.4663
    'REQUEST_TIME' => 1787732809
]
2026-08-26 10:26:52 [127.0.0.1][100][8cnphgo49v12fe6amed7u6d4bs][error][yii\base\InvalidConfigException] yii\base\InvalidConfigException: The "label" element is required for each link. in C:\Users\Szitár\Documents\team\taskforjuniors\vendor\yiisoft\yii2\widgets\Breadcrumbs.php:166
Stack trace:
#0 C:\Users\Szitár\Documents\team\taskforjuniors\vendor\yiisoft\yii2\widgets\Breadcrumbs.php(148): yii\widgets\Breadcrumbs->renderItem(Array, '<li class="brea...')
#1 C:\Users\Szitár\Documents\team\taskforjuniors\vendor\yiisoft\yii2-bootstrap5\src\Breadcrumbs.php(103): yii\widgets\Breadcrumbs->run()
#2 C:\Users\Szitár\Documents\team\taskforjuniors\vendor\yiisoft\yii2\base\Widget.php(148): yii\bootstrap5\Breadcrumbs->run()
#3 C:\Users\Szitár\Documents\team\taskforjuniors\views\layouts\main.php(63): yii\base\Widget::widget(Array)
#4 C:\Users\Szitár\Documents\team\taskforjuniors\vendor\yiisoft\yii2\base\View.php(347): require('C:\\Users\\Szit\xC3\xA1...')
#5 C:\Users\Szitár\Documents\team\taskforjuniors\vendor\yiisoft\yii2\base\View.php(257): yii\base\View->renderPhpFile('C:\\Users\\Szit\xC3\xA1...', Array)
#6 C:\Users\Szitár\Documents\team\taskforjuniors\vendor\yiisoft\yii2\base\Controller.php(465): yii\base\View->renderFile('C:\\Users\\Szit\xC3\xA1...', Array, Object(app\controllers\ReportController))
#7 C:\Users\Szitár\Documents\team\taskforjuniors\vendor\yiisoft\yii2\base\Controller.php(451): yii\base\Controller->renderContent('<div class="rep...')
#8 C:\Users\Szitár\Documents\team\taskforjuniors\controllers\ReportController.php(24): yii\base\Controller->render('overdue', Array)
#9 [internal function]: app\controllers\ReportController->actionOverdue()
#10 C:\Users\Szitár\Documents\team\taskforjuniors\vendor\yiisoft\yii2\base\InlineAction.php(66): call_user_func_array(Array, Array)
#11 C:\Users\Szitár\Documents\team\taskforjuniors\vendor\yiisoft\yii2\base\Controller.php(197): yii\base\InlineAction->runWithParams(Array)
#12 C:\Users\Szitár\Documents\team\taskforjuniors\vendor\yiisoft\yii2\base\Module.php(554): yii\base\Controller->runAction('overdue', Array)
#13 C:\Users\Szitár\Documents\team\taskforjuniors\vendor\yiisoft\yii2\web\Application.php(112): yii\base\Module->runAction('report/overdue', Array)
#14 C:\Users\Szitár\Documents\team\taskforjuniors\vendor\yiisoft\yii2\base\Application.php(391): yii\web\Application->handleRequest(Object(yii\web\Request))
#15 C:\Users\Szitár\Documents\team\taskforjuniors\web\index.php(12): yii\base\Application->run()
#16 {main}
2026-08-26 10:26:52 [127.0.0.1][100][8cnphgo49v12fe6amed7u6d4bs][info][application] $_GET = [
    'r' => 'report/overdue'
]

$_POST = []

$_FILES = []

$_COOKIE = [
    'PHPSESSID' => '8cnphgo49v12fe6amed7u6d4bs'
    '_csrf' => '95065699f080743f497c38f5401aefa482f34698f1057a336095839244e63dfba:2:{i:0;s:5:\"_csrf\";i:1;s:32:\"iv5M9RdHZm3OpwtyjeCzxCTwuxPiOrP_\";}'
]

$_SESSION = [
    '__flash' => []
    '__returnUrl' => 'http://127.0.0.1:8091/index.php?r=report%2Foverdue'
    '__id' => '100'
    '__authKey' => 'test100key'
]

$_SERVER = [
    'DOCUMENT_ROOT' => 'C:\\Users\\Szitár\\Documents\\team\\taskforjuniors\\web'
    'REMOTE_ADDR' => '127.0.0.1'
    'REMOTE_PORT' => '63225'
    'SERVER_SOFTWARE' => 'PHP 8.2.29 Development Server'
    'SERVER_PROTOCOL' => 'HTTP/1.1'
    'SERVER_NAME' => '127.0.0.1'
    'SERVER_PORT' => '8091'
    'REQUEST_URI' => '/index.php?r=report%2Foverdue'
    'REQUEST_METHOD' => 'GET'
    'SCRIPT_NAME' => '/index.php'
    'SCRIPT_FILENAME' => 'C:\\Users\\Szitár\\Documents\\team\\taskforjuniors\\web\\index.php'
    'PHP_SELF' => '/index.php'
    'QUERY_STRING' => 'r=report%2Foverdue'
    'HTTP_HOST' => '127.0.0.1:8091'
    'HTTP_CONNECTION' => 'keep-alive'
    'HTTP_PRAGMA' => 'no-cache'
    'HTTP_CACHE_CONTROL' => 'no-cache'
    'HTTP_SEC_CH_UA' => '\"Not=A?Brand\";v=\"99\", \"Microsoft Edge\";v=\"151\", \"Chromium\";v=\"151\"'
    'HTTP_SEC_CH_UA_MOBILE' => '?0'
    'HTTP_SEC_CH_UA_PLATFORM' => '\"Windows\"'
    'HTTP_UPGRADE_INSECURE_REQUESTS' => '1'
    'HTTP_USER_AGENT' => 'Mozilla/5.0 (Windows NT 10.0; Win64; x64) AppleWebKit/537.36 (KHTML, like Gecko) Chrome/151.0.0.0 Safari/537.36 Edg/151.0.0.0'
    'HTTP_ACCEPT' => 'text/html,application/xhtml+xml,application/xml;q=0.9,image/avif,image/webp,image/apng,*/*;q=0.8,application/signed-exchange;v=b3;q=0.7'
    'HTTP_SEC_FETCH_SITE' => 'same-origin'
    'HTTP_SEC_FETCH_MODE' => 'navigate'
    'HTTP_SEC_FETCH_USER' => '?1'
    'HTTP_SEC_FETCH_DEST' => 'document'
    'HTTP_REFERER' => 'http://127.0.0.1:8091/index.php'
    'HTTP_ACCEPT_ENCODING' => 'gzip, deflate, br, zstd'
    'HTTP_ACCEPT_LANGUAGE' => 'hu,en;q=0.9,en-GB;q=0.8,en-US;q=0.7'
    'HTTP_COOKIE' => 'PHPSESSID=8cnphgo49v12fe6amed7u6d4bs; _csrf=95065699f080743f497c38f5401aefa482f34698f1057a336095839244e63dfba%3A2%3A%7Bi%3A0%3Bs%3A5%3A%22_csrf%22%3Bi%3A1%3Bs%3A32%3A%22iv5M9RdHZm3OpwtyjeCzxCTwuxPiOrP_%22%3B%7D'
    'REQUEST_TIME_FLOAT' => 1787732812.0833
    'REQUEST_TIME' => 1787732812
]
2026-08-26 10:27:06 [127.0.0.1][100][8cnphgo49v12fe6amed7u6d4bs][error][yii\base\InvalidConfigException] yii\base\InvalidConfigException: The "label" element is required for each link. in C:\Users\Szitár\Documents\team\taskforjuniors\vendor\yiisoft\yii2\widgets\Breadcrumbs.php:166
Stack trace:
#0 C:\Users\Szitár\Documents\team\taskforjuniors\vendor\yiisoft\yii2\widgets\Breadcrumbs.php(148): yii\widgets\Breadcrumbs->renderItem(Array, '<li class="brea...')
#1 C:\Users\Szitár\Documents\team\taskforjuniors\vendor\yiisoft\yii2-bootstrap5\src\Breadcrumbs.php(103): yii\widgets\Breadcrumbs->run()
#2 C:\Users\Szitár\Documents\team\taskforjuniors\vendor\yiisoft\yii2\base\Widget.php(148): yii\bootstrap5\Breadcrumbs->run()
#3 C:\Users\Szitár\Documents\team\taskforjuniors\views\layouts\main.php(63): yii\base\Widget::widget(Array)
#4 C:\Users\Szitár\Documents\team\taskforjuniors\vendor\yiisoft\yii2\base\View.php(347): require('C:\\Users\\Szit\xC3\xA1...')
#5 C:\Users\Szitár\Documents\team\taskforjuniors\vendor\yiisoft\yii2\base\View.php(257): yii\base\View->renderPhpFile('C:\\Users\\Szit\xC3\xA1...', Array)
#6 C:\Users\Szitár\Documents\team\taskforjuniors\vendor\yiisoft\yii2\base\Controller.php(465): yii\base\View->renderFile('C:\\Users\\Szit\xC3\xA1...', Array, Object(app\controllers\ReportController))
#7 C:\Users\Szitár\Documents\team\taskforjuniors\vendor\yiisoft\yii2\base\Controller.php(451): yii\base\Controller->renderContent('<div class="rep...')
#8 C:\Users\Szitár\Documents\team\taskforjuniors\controllers\ReportController.php(24): yii\base\Controller->render('overdue', Array)
#9 [internal function]: app\controllers\ReportController->actionOverdue()
#10 C:\Users\Szitár\Documents\team\taskforjuniors\vendor\yiisoft\yii2\base\InlineAction.php(66): call_user_func_array(Array, Array)
#11 C:\Users\Szitár\Documents\team\taskforjuniors\vendor\yiisoft\yii2\base\Controller.php(197): yii\base\InlineAction->runWithParams(Array)
#12 C:\Users\Szitár\Documents\team\taskforjuniors\vendor\yiisoft\yii2\base\Module.php(554): yii\base\Controller->runAction('overdue', Array)
#13 C:\Users\Szitár\Documents\team\taskforjuniors\vendor\yiisoft\yii2\web\Application.php(112): yii\base\Module->runAction('report/overdue', Array)
#14 C:\Users\Szitár\Documents\team\taskforjuniors\vendor\yiisoft\yii2\base\Application.php(391): yii\web\Application->handleRequest(Object(yii\web\Request))
#15 C:\Users\Szitár\Documents\team\taskforjuniors\web\index.php(12): yii\base\Application->run()
#16 {main}
2026-08-26 10:27:06 [127.0.0.1][100][8cnphgo49v12fe6amed7u6d4bs][info][application] $_GET = [
    'r' => 'report/overdue'
]

$_POST = []

$_FILES = []

$_COOKIE = [
    'PHPSESSID' => '8cnphgo49v12fe6amed7u6d4bs'
    '_csrf' => '95065699f080743f497c38f5401aefa482f34698f1057a336095839244e63dfba:2:{i:0;s:5:\"_csrf\";i:1;s:32:\"iv5M9RdHZm3OpwtyjeCzxCTwuxPiOrP_\";}'
]

$_SESSION = [
    '__flash' => []
    '__returnUrl' => 'http://127.0.0.1:8091/index.php?r=report%2Foverdue'
    '__id' => '100'
    '__authKey' => 'test100key'
]

$_SERVER = [
    'DOCUMENT_ROOT' => 'C:\\Users\\Szitár\\Documents\\team\\taskforjuniors\\web'
    'REMOTE_ADDR' => '127.0.0.1'
    'REMOTE_PORT' => '57593'
    'SERVER_SOFTWARE' => 'PHP 8.2.29 Development Server'
    'SERVER_PROTOCOL' => 'HTTP/1.1'
    'SERVER_NAME' => '127.0.0.1'
    'SERVER_PORT' => '8091'
    'REQUEST_URI' => '/index.php?r=report%2Foverdue'
    'REQUEST_METHOD' => 'GET'
    'SCRIPT_NAME' => '/index.php'
    'SCRIPT_FILENAME' => 'C:\\Users\\Szitár\\Documents\\team\\taskforjuniors\\web\\index.php'
    'PHP_SELF' => '/index.php'
    'QUERY_STRING' => 'r=report%2Foverdue'
    'HTTP_HOST' => '127.0.0.1:8091'
    'HTTP_CONNECTION' => 'keep-alive'
    'HTTP_CACHE_CONTROL' => 'max-age=0'
    'HTTP_SEC_CH_UA' => '\"Not=A?Brand\";v=\"99\", \"Microsoft Edge\";v=\"151\", \"Chromium\";v=\"151\"'
    'HTTP_SEC_CH_UA_MOBILE' => '?0'
    'HTTP_SEC_CH_UA_PLATFORM' => '\"Windows\"'
    'HTTP_UPGRADE_INSECURE_REQUESTS' => '1'
    'HTTP_USER_AGENT' => 'Mozilla/5.0 (Windows NT 10.0; Win64; x64) AppleWebKit/537.36 (KHTML, like Gecko) Chrome/151.0.0.0 Safari/537.36 Edg/151.0.0.0'
    'HTTP_ACCEPT' => 'text/html,application/xhtml+xml,application/xml;q=0.9,image/avif,image/webp,image/apng,*/*;q=0.8,application/signed-exchange;v=b3;q=0.7'
    'HTTP_SEC_FETCH_SITE' => 'same-origin'
    'HTTP_SEC_FETCH_MODE' => 'navigate'
    'HTTP_SEC_FETCH_USER' => '?1'
    'HTTP_SEC_FETCH_DEST' => 'document'
    'HTTP_REFERER' => 'http://127.0.0.1:8091/index.php'
    'HTTP_ACCEPT_ENCODING' => 'gzip, deflate, br, zstd'
    'HTTP_ACCEPT_LANGUAGE' => 'hu,en;q=0.9,en-GB;q=0.8,en-US;q=0.7'
    'HTTP_COOKIE' => 'PHPSESSID=8cnphgo49v12fe6amed7u6d4bs; _csrf=95065699f080743f497c38f5401aefa482f34698f1057a336095839244e63dfba%3A2%3A%7Bi%3A0%3Bs%3A5%3A%22_csrf%22%3Bi%3A1%3Bs%3A32%3A%22iv5M9RdHZm3OpwtyjeCzxCTwuxPiOrP_%22%3B%7D'
    'REQUEST_TIME_FLOAT' => 1787732826.5736
    'REQUEST_TIME' => 1787732826
]
2026-08-26 10:27:24 [127.0.0.1][100][1a0cfh6dl4bm5tg097acq0hms1][error][yii\base\InvalidConfigException] yii\base\InvalidConfigException: The "label" element is required for each link. in C:\Users\Szitár\Documents\team\taskforjuniors\vendor\yiisoft\yii2\widgets\Breadcrumbs.php:166
Stack trace:
#0 C:\Users\Szitár\Documents\team\taskforjuniors\vendor\yiisoft\yii2\widgets\Breadcrumbs.php(148): yii\widgets\Breadcrumbs->renderItem(Array, '<li class="brea...')
#1 C:\Users\Szitár\Documents\team\taskforjuniors\vendor\yiisoft\yii2-bootstrap5\src\Breadcrumbs.php(103): yii\widgets\Breadcrumbs->run()
#2 C:\Users\Szitár\Documents\team\taskforjuniors\vendor\yiisoft\yii2\base\Widget.php(148): yii\bootstrap5\Breadcrumbs->run()
#3 C:\Users\Szitár\Documents\team\taskforjuniors\views\layouts\main.php(63): yii\base\Widget::widget(Array)
#4 C:\Users\Szitár\Documents\team\taskforjuniors\vendor\yiisoft\yii2\base\View.php(347): require('C:\\Users\\Szit\xC3\xA1...')
#5 C:\Users\Szitár\Documents\team\taskforjuniors\vendor\yiisoft\yii2\base\View.php(257): yii\base\View->renderPhpFile('C:\\Users\\Szit\xC3\xA1...', Array)
#6 C:\Users\Szitár\Documents\team\taskforjuniors\vendor\yiisoft\yii2\base\Controller.php(465): yii\base\View->renderFile('C:\\Users\\Szit\xC3\xA1...', Array, Object(app\controllers\ReportController))
#7 C:\Users\Szitár\Documents\team\taskforjuniors\vendor\yiisoft\yii2\base\Controller.php(451): yii\base\Controller->renderContent('<div class="rep...')
#8 C:\Users\Szitár\Documents\team\taskforjuniors\controllers\ReportController.php(24): yii\base\Controller->render('overdue', Array)
#9 [internal function]: app\controllers\ReportController->actionOverdue()
#10 C:\Users\Szitár\Documents\team\taskforjuniors\vendor\yiisoft\yii2\base\InlineAction.php(66): call_user_func_array(Array, Array)
#11 C:\Users\Szitár\Documents\team\taskforjuniors\vendor\yiisoft\yii2\base\Controller.php(197): yii\base\InlineAction->runWithParams(Array)
#12 C:\Users\Szitár\Documents\team\taskforjuniors\vendor\yiisoft\yii2\base\Module.php(554): yii\base\Controller->runAction('overdue', Array)
#13 C:\Users\Szitár\Documents\team\taskforjuniors\vendor\yiisoft\yii2\web\Application.php(112): yii\base\Module->runAction('report/overdue', Array)
#14 C:\Users\Szitár\Documents\team\taskforjuniors\vendor\yiisoft\yii2\base\Application.php(391): yii\web\Application->handleRequest(Object(yii\web\Request))
#15 C:\Users\Szitár\Documents\team\taskforjuniors\web\index.php(12): yii\base\Application->run()
#16 {main}
2026-08-26 10:27:24 [127.0.0.1][100][1a0cfh6dl4bm5tg097acq0hms1][info][application] $_GET = [
    'r' => 'report/overdue'
]

$_POST = []

$_FILES = []

$_COOKIE = [
    'PHPSESSID' => '1a0cfh6dl4bm5tg097acq0hms1'
    '_csrf' => '447f5085f1d1f24502695b8b92bcb8cd0d77b842fa21bf4cf568c0c285f7a3bfa:2:{i:0;s:5:\"_csrf\";i:1;s:32:\"ZXjp8qy_TGB_wWu_Q_9ExoNgzsk4XpHc\";}'
]

$_SESSION = [
    '__flash' => []
    '__id' => '100'
    '__authKey' => 'test100key'
]

$_SERVER = [
    'DOCUMENT_ROOT' => 'C:\\Users\\Szitár\\Documents\\team\\taskforjuniors\\web'
    'REMOTE_ADDR' => '127.0.0.1'
    'REMOTE_PORT' => '54576'
    'SERVER_SOFTWARE' => 'PHP 8.2.29 Development Server'
    'SERVER_PROTOCOL' => 'HTTP/1.1'
    'SERVER_NAME' => '127.0.0.1'
    'SERVER_PORT' => '8091'
    'REQUEST_URI' => '/index.php?r=report%2Foverdue'
    'REQUEST_METHOD' => 'GET'
    'SCRIPT_NAME' => '/index.php'
    'SCRIPT_FILENAME' => 'C:\\Users\\Szitár\\Documents\\team\\taskforjuniors\\web\\index.php'
    'PHP_SELF' => '/index.php'
    'QUERY_STRING' => 'r=report%2Foverdue'
    'HTTP_HOST' => '127.0.0.1:8091'
    'HTTP_CONNECTION' => 'keep-alive'
    'HTTP_SEC_CH_UA' => '\"Not=A?Brand\";v=\"99\", \"Microsoft Edge\";v=\"151\", \"Chromium\";v=\"151\"'
    'HTTP_SEC_CH_UA_MOBILE' => '?0'
    'HTTP_SEC_CH_UA_PLATFORM' => '\"Windows\"'
    'HTTP_UPGRADE_INSECURE_REQUESTS' => '1'
    'HTTP_USER_AGENT' => 'Mozilla/5.0 (Windows NT 10.0; Win64; x64) AppleWebKit/537.36 (KHTML, like Gecko) Chrome/151.0.0.0 Safari/537.36 Edg/151.0.0.0'
    'HTTP_ACCEPT' => 'text/html,application/xhtml+xml,application/xml;q=0.9,image/avif,image/webp,image/apng,*/*;q=0.8,application/signed-exchange;v=b3;q=0.7'
    'HTTP_SEC_FETCH_SITE' => 'same-origin'
    'HTTP_SEC_FETCH_MODE' => 'navigate'
    'HTTP_SEC_FETCH_USER' => '?1'
    'HTTP_SEC_FETCH_DEST' => 'document'
    'HTTP_REFERER' => 'http://127.0.0.1:8091/index.php'
    'HTTP_ACCEPT_ENCODING' => 'gzip, deflate, br, zstd'
    'HTTP_ACCEPT_LANGUAGE' => 'hu,en;q=0.9,en-GB;q=0.8,en-US;q=0.7'
    'HTTP_COOKIE' => 'PHPSESSID=1a0cfh6dl4bm5tg097acq0hms1; _csrf=447f5085f1d1f24502695b8b92bcb8cd0d77b842fa21bf4cf568c0c285f7a3bfa%3A2%3A%7Bi%3A0%3Bs%3A5%3A%22_csrf%22%3Bi%3A1%3Bs%3A32%3A%22ZXjp8qy_TGB_wWu_Q_9ExoNgzsk4XpHc%22%3B%7D'
    'REQUEST_TIME_FLOAT' => 1787732844.5735
    'REQUEST_TIME' => 1787732844
]
2026-08-26 10:28:11 [127.0.0.1][-][foqb65jgllgsjpggrrk3ne86vp][error][yii\web\HttpException:400] yii\web\BadRequestHttpException: Nem sikerült ellenőrizni az adatokat. in C:\Users\Szitár\Documents\team\taskforjuniors\vendor\yiisoft\yii2\web\Controller.php:346
Stack trace:
#0 C:\Users\Szitár\Documents\team\taskforjuniors\vendor\yiisoft\yii2\base\Controller.php(195): yii\web\Controller->beforeAction(Object(yii\base\InlineAction))
#1 C:\Users\Szitár\Documents\team\taskforjuniors\vendor\yiisoft\yii2\base\Module.php(554): yii\base\Controller->runAction('login', Array)
#2 C:\Users\Szitár\Documents\team\taskforjuniors\vendor\yiisoft\yii2\web\Application.php(112): yii\base\Module->runAction('site/login', Array)
#3 C:\Users\Szitár\Documents\team\taskforjuniors\vendor\yiisoft\yii2\base\Application.php(391): yii\web\Application->handleRequest(Object(yii\web\Request))
#4 C:\Users\Szitár\Documents\team\taskforjuniors\web\index.php(12): yii\base\Application->run()
#5 {main}
2026-08-26 10:28:11 [127.0.0.1][-][foqb65jgllgsjpggrrk3ne86vp][info][application] $_GET = [
    'r' => 'site/login'
]

$_POST = [
    '_csrf' => ''
    'LoginForm' => [
        'password' => 'admin'
        'username' => 'admin'
        'rememberMe' => '0'
    ]
]

$_FILES = []

$_COOKIE = [
    'PHPSESSID' => 'foqb65jgllgsjpggrrk3ne86vp'
    '_csrf' => '05ad7f42a59a46d68ec0ecc6cf8e02ff17b8fcb5dac968be984abf1331bb84a1a:2:{i:0;s:5:\"_csrf\";i:1;s:32:\"Vh5Ho3II3kAXCi7NoiN61qv1lTGTKkiQ\";}'
]

$_SESSION = [
    '__flash' => []
]

$_SERVER = [
    'DOCUMENT_ROOT' => 'C:\\Users\\Szitár\\Documents\\team\\taskforjuniors\\web'
    'REMOTE_ADDR' => '127.0.0.1'
    'REMOTE_PORT' => '62434'
    'SERVER_SOFTWARE' => 'PHP 8.2.29 Development Server'
    'SERVER_PROTOCOL' => 'HTTP/1.1'
    'SERVER_NAME' => '127.0.0.1'
    'SERVER_PORT' => '8096'
    'REQUEST_URI' => '/index.php?r=site%2Flogin'
    'REQUEST_METHOD' => 'POST'
    'SCRIPT_NAME' => '/index.php'
    'SCRIPT_FILENAME' => 'C:\\Users\\Szitár\\Documents\\team\\taskforjuniors\\web\\index.php'
    'PHP_SELF' => '/index.php'
    'QUERY_STRING' => 'r=site%2Flogin'
    'HTTP_USER_AGENT' => 'Mozilla/5.0 (Windows NT; Windows NT 10.0; hu-HU) WindowsPowerShell/5.1.26100.9168'
    'CONTENT_TYPE' => 'application/x-www-form-urlencoded'
    'HTTP_CONTENT_TYPE' => 'application/x-www-form-urlencoded'
    'HTTP_HOST' => '127.0.0.1:8096'
    'HTTP_COOKIE' => 'PHPSESSID=foqb65jgllgsjpggrrk3ne86vp; _csrf=05ad7f42a59a46d68ec0ecc6cf8e02ff17b8fcb5dac968be984abf1331bb84a1a%3A2%3A%7Bi%3A0%3Bs%3A5%3A%22_csrf%22%3Bi%3A1%3Bs%3A32%3A%22Vh5Ho3II3kAXCi7NoiN61qv1lTGTKkiQ%22%3B%7D'
    'CONTENT_LENGTH' => '94'
    'HTTP_CONTENT_LENGTH' => '94'
    'REQUEST_TIME_FLOAT' => 1787732891.6531
    'REQUEST_TIME' => 1787732891
]
2026-08-26 10:53:50 [127.0.0.1][100][1a0cfh6dl4bm5tg097acq0hms1][error][yii\base\ErrorException:2] yii\base\ErrorException: Undefined array key "lended" in C:\Users\Szitár\Documents\team\taskforjuniors\views\site\index.php:11
Stack trace:
#0 C:\Users\Szitár\Documents\team\taskforjuniors\views\site\index.php(11): yii\web\ErrorHandler->handleError(code: '2', message: ''Undefined arra...', file: ''C:\\\\Users\\\\Szi...', line: '11')
#1 C:\Users\Szitár\Documents\team\taskforjuniors\vendor\yiisoft\yii2\base\View.php(347): yii\web\View->unknown()
#2 C:\Users\Szitár\Documents\team\taskforjuniors\vendor\yiisoft\yii2\base\View.php(257): yii\web\View->renderPhpFile(_file_: ''C:\\\\Users\\\\Szi...', _params_: '['equipment' =>...')
#3 C:\Users\Szitár\Documents\team\taskforjuniors\vendor\yiisoft\yii2\base\View.php(156): yii\web\View->renderFile(viewFile: ''C:\\\\Users\\\\Szi...', params: '['equipment' =>...', context: 'class app\\contr...')
#4 C:\Users\Szitár\Documents\team\taskforjuniors\vendor\yiisoft\yii2\base\Controller.php(450): yii\web\View->render(view: ''index'', params: '['equipment' =>...', context: 'class app\\contr...')
#5 C:\Users\Szitár\Documents\team\taskforjuniors\controllers\SiteController.php(76): app\controllers\SiteController->render(view: ''index'', params: '['equipment' =>...')
#6 C:\Users\Szitár\Documents\team\taskforjuniors\vendor\yiisoft\yii2\base\InlineAction.php(66): app\controllers\SiteController->actionIndex()
#7 C:\Users\Szitár\Documents\team\taskforjuniors\vendor\yiisoft\yii2\base\InlineAction.php(66): ::call_user_func_array:{C:\Users\Szitár\Documents\team\taskforjuniors\vendor\yiisoft\yii2\base\InlineAction.php:66}(callback: '[0 => class app...', args: '[]')
#8 C:\Users\Szitár\Documents\team\taskforjuniors\vendor\yiisoft\yii2\base\Controller.php(197): yii\base\InlineAction->runWithParams(params: '['r' => 'site/i...')
#9 C:\Users\Szitár\Documents\team\taskforjuniors\vendor\yiisoft\yii2\base\Module.php(554): app\controllers\SiteController->runAction(id: ''index'', params: '['r' => 'site/i...')
#10 C:\Users\Szitár\Documents\team\taskforjuniors\vendor\yiisoft\yii2\web\Application.php(112): yii\web\Application->runAction(route: ''site/index'', params: '['r' => 'site/i...')
#11 C:\Users\Szitár\Documents\team\taskforjuniors\vendor\yiisoft\yii2\base\Application.php(391): yii\web\Application->handleRequest(request: 'class yii\\web\\R...')
#12 C:\Users\Szitár\Documents\team\taskforjuniors\web\index.php(12): yii\web\Application->run()
#13 {main}
2026-08-26 10:53:50 [127.0.0.1][100][1a0cfh6dl4bm5tg097acq0hms1][info][application] $_GET = [
    'r' => 'site/index'
]

$_POST = []

$_FILES = []

$_COOKIE = [
    'PHPSESSID' => '1a0cfh6dl4bm5tg097acq0hms1'
    '_csrf' => '447f5085f1d1f24502695b8b92bcb8cd0d77b842fa21bf4cf568c0c285f7a3bfa:2:{i:0;s:5:\"_csrf\";i:1;s:32:\"ZXjp8qy_TGB_wWu_Q_9ExoNgzsk4XpHc\";}'
]

$_SESSION = [
    '__flash' => []
    '__id' => '100'
    '__authKey' => 'test100key'
]

$_SERVER = [
    'DOCUMENT_ROOT' => 'C:\\Users\\Szitár\\Documents\\team\\taskforjuniors\\web'
    'REMOTE_ADDR' => '127.0.0.1'
    'REMOTE_PORT' => '54143'
    'SERVER_SOFTWARE' => 'PHP 8.2.29 Development Server'
    'SERVER_PROTOCOL' => 'HTTP/1.1'
    'SERVER_NAME' => '127.0.0.1'
    'SERVER_PORT' => '8091'
    'REQUEST_URI' => '/index.php?r=site%2Findex'
    'REQUEST_METHOD' => 'GET'
    'SCRIPT_NAME' => '/index.php'
    'SCRIPT_FILENAME' => 'C:\\Users\\Szitár\\Documents\\team\\taskforjuniors\\web\\index.php'
    'PHP_SELF' => '/index.php'
    'QUERY_STRING' => 'r=site%2Findex'
    'HTTP_HOST' => '127.0.0.1:8091'
    'HTTP_CONNECTION' => 'keep-alive'
    'HTTP_PRAGMA' => 'no-cache'
    'HTTP_CACHE_CONTROL' => 'no-cache'
    'HTTP_SEC_CH_UA' => '\"Not=A?Brand\";v=\"99\", \"Microsoft Edge\";v=\"151\", \"Chromium\";v=\"151\"'
    'HTTP_SEC_CH_UA_MOBILE' => '?0'
    'HTTP_SEC_CH_UA_PLATFORM' => '\"Windows\"'
    'HTTP_UPGRADE_INSECURE_REQUESTS' => '1'
    'HTTP_USER_AGENT' => 'Mozilla/5.0 (Windows NT 10.0; Win64; x64) AppleWebKit/537.36 (KHTML, like Gecko) Chrome/151.0.0.0 Safari/537.36 Edg/151.0.0.0'
    'HTTP_ACCEPT' => 'text/html,application/xhtml+xml,application/xml;q=0.9,image/avif,image/webp,image/apng,*/*;q=0.8,application/signed-exchange;v=b3;q=0.7'
    'HTTP_SEC_FETCH_SITE' => 'same-origin'
    'HTTP_SEC_FETCH_MODE' => 'navigate'
    'HTTP_SEC_FETCH_USER' => '?1'
    'HTTP_SEC_FETCH_DEST' => 'document'
    'HTTP_REFERER' => 'http://127.0.0.1:8091/index.php?r=report%2Foverdue&borrower_id=&category_id=&from=&to='
    'HTTP_ACCEPT_ENCODING' => 'gzip, deflate, br, zstd'
    'HTTP_ACCEPT_LANGUAGE' => 'hu,en;q=0.9,en-GB;q=0.8,en-US;q=0.7'
    'HTTP_COOKIE' => 'PHPSESSID=1a0cfh6dl4bm5tg097acq0hms1; _csrf=447f5085f1d1f24502695b8b92bcb8cd0d77b842fa21bf4cf568c0c285f7a3bfa%3A2%3A%7Bi%3A0%3Bs%3A5%3A%22_csrf%22%3Bi%3A1%3Bs%3A32%3A%22ZXjp8qy_TGB_wWu_Q_9ExoNgzsk4XpHc%22%3B%7D'
    'REQUEST_TIME_FLOAT' => 1787734430.4816
    'REQUEST_TIME' => 1787734430
]
2026-08-26 11:12:51 [127.0.0.1][100][1a0cfh6dl4bm5tg097acq0hms1][error][yii\web\HttpException:400] yii\web\BadRequestHttpException: Nem sikerült ellenőrizni az adatokat. in C:\Users\Szitár\Documents\team\taskforjuniors\vendor\yiisoft\yii2\web\Controller.php:346
Stack trace:
#0 C:\Users\Szitár\Documents\team\taskforjuniors\vendor\yiisoft\yii2\base\Controller.php(195): yii\web\Controller->beforeAction(Object(yii\base\InlineAction))
#1 C:\Users\Szitár\Documents\team\taskforjuniors\vendor\yiisoft\yii2\base\Module.php(554): yii\base\Controller->runAction('index', Array)
#2 C:\Users\Szitár\Documents\team\taskforjuniors\vendor\yiisoft\yii2\web\Application.php(112): yii\base\Module->runAction('site/index', Array)
#3 C:\Users\Szitár\Documents\team\taskforjuniors\vendor\yiisoft\yii2\base\Application.php(391): yii\web\Application->handleRequest(Object(yii\web\Request))
#4 C:\Users\Szitár\Documents\team\taskforjuniors\web\index.php(12): yii\base\Application->run()
#5 {main}
2026-08-26 11:12:51 [127.0.0.1][100][1a0cfh6dl4bm5tg097acq0hms1][info][application] $_GET = [
    'r' => 'site/index'
]

$_POST = [
    'action' => 'return'
    'equipment_id' => '2'
]

$_FILES = []

$_COOKIE = [
    'PHPSESSID' => '1a0cfh6dl4bm5tg097acq0hms1'
    '_csrf' => '447f5085f1d1f24502695b8b92bcb8cd0d77b842fa21bf4cf568c0c285f7a3bfa:2:{i:0;s:5:\"_csrf\";i:1;s:32:\"ZXjp8qy_TGB_wWu_Q_9ExoNgzsk4XpHc\";}'
]

$_SESSION = [
    '__flash' => []
    '__id' => '100'
    '__authKey' => 'test100key'
]

$_SERVER = [
    'DOCUMENT_ROOT' => 'C:\\Users\\Szitár\\Documents\\team\\taskforjuniors\\web'
    'REMOTE_ADDR' => '127.0.0.1'
    'REMOTE_PORT' => '50313'
    'SERVER_SOFTWARE' => 'PHP 8.2.29 Development Server'
    'SERVER_PROTOCOL' => 'HTTP/1.1'
    'SERVER_NAME' => '127.0.0.1'
    'SERVER_PORT' => '8091'
    'REQUEST_URI' => '/index.php?r=site%2Findex'
    'REQUEST_METHOD' => 'POST'
    'SCRIPT_NAME' => '/index.php'
    'SCRIPT_FILENAME' => 'C:\\Users\\Szitár\\Documents\\team\\taskforjuniors\\web\\index.php'
    'PHP_SELF' => '/index.php'
    'QUERY_STRING' => 'r=site%2Findex'
    'HTTP_HOST' => '127.0.0.1:8091'
    'HTTP_CONNECTION' => 'keep-alive'
    'CONTENT_LENGTH' => '28'
    'HTTP_CONTENT_LENGTH' => '28'
    'HTTP_CACHE_CONTROL' => 'max-age=0'
    'HTTP_SEC_CH_UA' => '\"Not=A?Brand\";v=\"99\", \"Microsoft Edge\";v=\"151\", \"Chromium\";v=\"151\"'
    'HTTP_SEC_CH_UA_MOBILE' => '?0'
    'HTTP_SEC_CH_UA_PLATFORM' => '\"Windows\"'
    'HTTP_UPGRADE_INSECURE_REQUESTS' => '1'
    'CONTENT_TYPE' => 'application/x-www-form-urlencoded'
    'HTTP_CONTENT_TYPE' => 'application/x-www-form-urlencoded'
    'HTTP_USER_AGENT' => 'Mozilla/5.0 (Windows NT 10.0; Win64; x64) AppleWebKit/537.36 (KHTML, like Gecko) Chrome/151.0.0.0 Safari/537.36 Edg/151.0.0.0'
    'HTTP_ORIGIN' => 'http://127.0.0.1:8091'
    'HTTP_ACCEPT' => 'text/html,application/xhtml+xml,application/xml;q=0.9,image/avif,image/webp,image/apng,*/*;q=0.8,application/signed-exchange;v=b3;q=0.7'
    'HTTP_SEC_FETCH_SITE' => 'same-origin'
    'HTTP_SEC_FETCH_MODE' => 'navigate'
    'HTTP_SEC_FETCH_USER' => '?1'
    'HTTP_SEC_FETCH_DEST' => 'document'
    'HTTP_REFERER' => 'http://127.0.0.1:8091/index.php?r=site%2Findex'
    'HTTP_ACCEPT_ENCODING' => 'gzip, deflate, br, zstd'
    'HTTP_ACCEPT_LANGUAGE' => 'hu,en;q=0.9,en-GB;q=0.8,en-US;q=0.7'
    'HTTP_COOKIE' => 'PHPSESSID=1a0cfh6dl4bm5tg097acq0hms1; _csrf=447f5085f1d1f24502695b8b92bcb8cd0d77b842fa21bf4cf568c0c285f7a3bfa%3A2%3A%7Bi%3A0%3Bs%3A5%3A%22_csrf%22%3Bi%3A1%3Bs%3A32%3A%22ZXjp8qy_TGB_wWu_Q_9ExoNgzsk4XpHc%22%3B%7D'
    'REQUEST_TIME_FLOAT' => 1787735571.4581
    'REQUEST_TIME' => 1787735571
]
2026-08-26 11:13:28 [127.0.0.1][100][1a0cfh6dl4bm5tg097acq0hms1][error][yii\web\HttpException:400] yii\web\BadRequestHttpException: Nem sikerült ellenőrizni az adatokat. in C:\Users\Szitár\Documents\team\taskforjuniors\vendor\yiisoft\yii2\web\Controller.php:346
Stack trace:
#0 C:\Users\Szitár\Documents\team\taskforjuniors\vendor\yiisoft\yii2\base\Controller.php(195): yii\web\Controller->beforeAction(Object(yii\base\InlineAction))
#1 C:\Users\Szitár\Documents\team\taskforjuniors\vendor\yiisoft\yii2\base\Module.php(554): yii\base\Controller->runAction('index', Array)
#2 C:\Users\Szitár\Documents\team\taskforjuniors\vendor\yiisoft\yii2\web\Application.php(112): yii\base\Module->runAction('site/index', Array)
#3 C:\Users\Szitár\Documents\team\taskforjuniors\vendor\yiisoft\yii2\base\Application.php(391): yii\web\Application->handleRequest(Object(yii\web\Request))
#4 C:\Users\Szitár\Documents\team\taskforjuniors\web\index.php(12): yii\base\Application->run()
#5 {main}
2026-08-26 11:13:28 [127.0.0.1][100][1a0cfh6dl4bm5tg097acq0hms1][info][application] $_GET = [
    'r' => 'site/index'
]

$_POST = [
    'action' => 'lend'
    'equipment_id' => '3'
    'lender_id' => '1'
    'starts_on' => '2026-08-26'
    'due_on' => '2026-09-02'
]

$_FILES = []

$_COOKIE = [
    'PHPSESSID' => '1a0cfh6dl4bm5tg097acq0hms1'
    '_csrf' => '447f5085f1d1f24502695b8b92bcb8cd0d77b842fa21bf4cf568c0c285f7a3bfa:2:{i:0;s:5:\"_csrf\";i:1;s:32:\"ZXjp8qy_TGB_wWu_Q_9ExoNgzsk4XpHc\";}'
]

$_SESSION = [
    '__flash' => []
    '__id' => '100'
    '__authKey' => 'test100key'
]

$_SERVER = [
    'DOCUMENT_ROOT' => 'C:\\Users\\Szitár\\Documents\\team\\taskforjuniors\\web'
    'REMOTE_ADDR' => '127.0.0.1'
    'REMOTE_PORT' => '50513'
    'SERVER_SOFTWARE' => 'PHP 8.2.29 Development Server'
    'SERVER_PROTOCOL' => 'HTTP/1.1'
    'SERVER_NAME' => '127.0.0.1'
    'SERVER_PORT' => '8091'
    'REQUEST_URI' => '/index.php?r=site%2Findex'
    'REQUEST_METHOD' => 'POST'
    'SCRIPT_NAME' => '/index.php'
    'SCRIPT_FILENAME' => 'C:\\Users\\Szitár\\Documents\\team\\taskforjuniors\\web\\index.php'
    'PHP_SELF' => '/index.php'
    'QUERY_STRING' => 'r=site%2Findex'
    'HTTP_HOST' => '127.0.0.1:8091'
    'HTTP_CONNECTION' => 'keep-alive'
    'CONTENT_LENGTH' => '77'
    'HTTP_CONTENT_LENGTH' => '77'
    'HTTP_CACHE_CONTROL' => 'max-age=0'
    'HTTP_SEC_CH_UA' => '\"Not=A?Brand\";v=\"99\", \"Microsoft Edge\";v=\"151\", \"Chromium\";v=\"151\"'
    'HTTP_SEC_CH_UA_MOBILE' => '?0'
    'HTTP_SEC_CH_UA_PLATFORM' => '\"Windows\"'
    'HTTP_UPGRADE_INSECURE_REQUESTS' => '1'
    'CONTENT_TYPE' => 'application/x-www-form-urlencoded'
    'HTTP_CONTENT_TYPE' => 'application/x-www-form-urlencoded'
    'HTTP_USER_AGENT' => 'Mozilla/5.0 (Windows NT 10.0; Win64; x64) AppleWebKit/537.36 (KHTML, like Gecko) Chrome/151.0.0.0 Safari/537.36 Edg/151.0.0.0'
    'HTTP_ORIGIN' => 'http://127.0.0.1:8091'
    'HTTP_ACCEPT' => 'text/html,application/xhtml+xml,application/xml;q=0.9,image/avif,image/webp,image/apng,*/*;q=0.8,application/signed-exchange;v=b3;q=0.7'
    'HTTP_SEC_FETCH_SITE' => 'same-origin'
    'HTTP_SEC_FETCH_MODE' => 'navigate'
    'HTTP_SEC_FETCH_USER' => '?1'
    'HTTP_SEC_FETCH_DEST' => 'document'
    'HTTP_REFERER' => 'http://127.0.0.1:8091/index.php?r=site%2Findex'
    'HTTP_ACCEPT_ENCODING' => 'gzip, deflate, br, zstd'
    'HTTP_ACCEPT_LANGUAGE' => 'hu,en;q=0.9,en-GB;q=0.8,en-US;q=0.7'
    'HTTP_COOKIE' => 'PHPSESSID=1a0cfh6dl4bm5tg097acq0hms1; _csrf=447f5085f1d1f24502695b8b92bcb8cd0d77b842fa21bf4cf568c0c285f7a3bfa%3A2%3A%7Bi%3A0%3Bs%3A5%3A%22_csrf%22%3Bi%3A1%3Bs%3A32%3A%22ZXjp8qy_TGB_wWu_Q_9ExoNgzsk4XpHc%22%3B%7D'
    'REQUEST_TIME_FLOAT' => 1787735608.6969
    'REQUEST_TIME' => 1787735608
]
2026-08-26 11:14:36 [127.0.0.1][100][1a0cfh6dl4bm5tg097acq0hms1][error][yii\web\HttpException:400] yii\web\BadRequestHttpException: Nem sikerült ellenőrizni az adatokat. in C:\Users\Szitár\Documents\team\taskforjuniors\vendor\yiisoft\yii2\web\Controller.php:346
Stack trace:
#0 C:\Users\Szitár\Documents\team\taskforjuniors\vendor\yiisoft\yii2\base\Controller.php(195): yii\web\Controller->beforeAction(Object(yii\base\InlineAction))
#1 C:\Users\Szitár\Documents\team\taskforjuniors\vendor\yiisoft\yii2\base\Module.php(554): yii\base\Controller->runAction('index', Array)
#2 C:\Users\Szitár\Documents\team\taskforjuniors\vendor\yiisoft\yii2\web\Application.php(112): yii\base\Module->runAction('site/index', Array)
#3 C:\Users\Szitár\Documents\team\taskforjuniors\vendor\yiisoft\yii2\base\Application.php(391): yii\web\Application->handleRequest(Object(yii\web\Request))
#4 C:\Users\Szitár\Documents\team\taskforjuniors\web\index.php(12): yii\base\Application->run()
#5 {main}
2026-08-26 11:14:36 [127.0.0.1][100][1a0cfh6dl4bm5tg097acq0hms1][info][application] $_GET = [
    'r' => 'site/index'
]

$_POST = [
    'action' => 'lend'
    'equipment_id' => '3'
    'lender_id' => '1'
    'starts_on' => '2026-08-26'
    'due_on' => '2026-09-02'
]

$_FILES = []

$_COOKIE = [
    'PHPSESSID' => '1a0cfh6dl4bm5tg097acq0hms1'
    '_csrf' => '447f5085f1d1f24502695b8b92bcb8cd0d77b842fa21bf4cf568c0c285f7a3bfa:2:{i:0;s:5:\"_csrf\";i:1;s:32:\"ZXjp8qy_TGB_wWu_Q_9ExoNgzsk4XpHc\";}'
]

$_SESSION = [
    '__flash' => []
    '__id' => '100'
    '__authKey' => 'test100key'
]

$_SERVER = [
    'DOCUMENT_ROOT' => 'C:\\Users\\Szitár\\Documents\\team\\taskforjuniors\\web'
    'REMOTE_ADDR' => '127.0.0.1'
    'REMOTE_PORT' => '65083'
    'SERVER_SOFTWARE' => 'PHP 8.2.29 Development Server'
    'SERVER_PROTOCOL' => 'HTTP/1.1'
    'SERVER_NAME' => '127.0.0.1'
    'SERVER_PORT' => '8091'
    'REQUEST_URI' => '/index.php?r=site%2Findex'
    'REQUEST_METHOD' => 'POST'
    'SCRIPT_NAME' => '/index.php'
    'SCRIPT_FILENAME' => 'C:\\Users\\Szitár\\Documents\\team\\taskforjuniors\\web\\index.php'
    'PHP_SELF' => '/index.php'
    'QUERY_STRING' => 'r=site%2Findex'
    'HTTP_HOST' => '127.0.0.1:8091'
    'HTTP_CONNECTION' => 'keep-alive'
    'CONTENT_LENGTH' => '77'
    'HTTP_CONTENT_LENGTH' => '77'
    'HTTP_PRAGMA' => 'no-cache'
    'HTTP_CACHE_CONTROL' => 'no-cache'
    'HTTP_SEC_CH_UA' => '\"Not=A?Brand\";v=\"99\", \"Microsoft Edge\";v=\"151\", \"Chromium\";v=\"151\"'
    'HTTP_SEC_CH_UA_MOBILE' => '?0'
    'HTTP_SEC_CH_UA_PLATFORM' => '\"Windows\"'
    'HTTP_UPGRADE_INSECURE_REQUESTS' => '1'
    'HTTP_USER_AGENT' => 'Mozilla/5.0 (Windows NT 10.0; Win64; x64) AppleWebKit/537.36 (KHTML, like Gecko) Chrome/151.0.0.0 Safari/537.36 Edg/151.0.0.0'
    'HTTP_ORIGIN' => 'http://127.0.0.1:8091'
    'CONTENT_TYPE' => 'application/x-www-form-urlencoded'
    'HTTP_CONTENT_TYPE' => 'application/x-www-form-urlencoded'
    'HTTP_ACCEPT' => 'text/html,application/xhtml+xml,application/xml;q=0.9,image/avif,image/webp,image/apng,*/*;q=0.8,application/signed-exchange;v=b3;q=0.7'
    'HTTP_SEC_FETCH_SITE' => 'same-origin'
    'HTTP_SEC_FETCH_MODE' => 'navigate'
    'HTTP_SEC_FETCH_USER' => '?1'
    'HTTP_SEC_FETCH_DEST' => 'document'
    'HTTP_REFERER' => 'http://127.0.0.1:8091/index.php?r=site%2Findex'
    'HTTP_ACCEPT_ENCODING' => 'gzip, deflate, br, zstd'
    'HTTP_ACCEPT_LANGUAGE' => 'hu,en;q=0.9,en-GB;q=0.8,en-US;q=0.7'
    'HTTP_COOKIE' => 'PHPSESSID=1a0cfh6dl4bm5tg097acq0hms1; _csrf=447f5085f1d1f24502695b8b92bcb8cd0d77b842fa21bf4cf568c0c285f7a3bfa%3A2%3A%7Bi%3A0%3Bs%3A5%3A%22_csrf%22%3Bi%3A1%3Bs%3A32%3A%22ZXjp8qy_TGB_wWu_Q_9ExoNgzsk4XpHc%22%3B%7D'
    'REQUEST_TIME_FLOAT' => 1787735676.08
    'REQUEST_TIME' => 1787735676
]
2026-08-26 11:14:48 [127.0.0.1][100][1a0cfh6dl4bm5tg097acq0hms1][error][yii\db\IntegrityException] PDOException: SQLSTATE[23000]: Integrity constraint violation: 19 NOT NULL constraint failed: loan.created_at in C:\Users\Szitár\Documents\team\taskforjuniors\vendor\yiisoft\yii2\db\Command.php:1320
Stack trace:
#0 C:\Users\Szitár\Documents\team\taskforjuniors\vendor\yiisoft\yii2\db\Command.php(1320): PDOStatement->execute()
#1 C:\Users\Szitár\Documents\team\taskforjuniors\vendor\yiisoft\yii2\db\Command.php(1120): yii\db\Command->internalExecute('INSERT INTO `lo...')
#2 C:\Users\Szitár\Documents\team\taskforjuniors\vendor\yiisoft\yii2\db\sqlite\Command.php(32): yii\db\Command->execute()
#3 C:\Users\Szitár\Documents\team\taskforjuniors\services\EquipmentService.php(90): yii\db\sqlite\Command->execute()
#4 [internal function]: app\services\EquipmentService->app\services\{closure}(Object(yii\db\Connection))
#5 C:\Users\Szitár\Documents\team\taskforjuniors\vendor\yiisoft\yii2\db\Connection.php(822): call_user_func(Object(Closure), Object(yii\db\Connection))
#6 C:\Users\Szitár\Documents\team\taskforjuniors\services\EquipmentService.php(89): yii\db\Connection->transaction(Object(Closure))
#7 C:\Users\Szitár\Documents\team\taskforjuniors\controllers\SiteController.php(72): app\services\EquipmentService->handleAction(Array)
#8 [internal function]: app\controllers\SiteController->actionIndex()
#9 C:\Users\Szitár\Documents\team\taskforjuniors\vendor\yiisoft\yii2\base\InlineAction.php(66): call_user_func_array(Array, Array)
#10 C:\Users\Szitár\Documents\team\taskforjuniors\vendor\yiisoft\yii2\base\Controller.php(197): yii\base\InlineAction->runWithParams(Array)
#11 C:\Users\Szitár\Documents\team\taskforjuniors\vendor\yiisoft\yii2\base\Module.php(554): yii\base\Controller->runAction('index', Array)
#12 C:\Users\Szitár\Documents\team\taskforjuniors\vendor\yiisoft\yii2\web\Application.php(112): yii\base\Module->runAction('site/index', Array)
#13 C:\Users\Szitár\Documents\team\taskforjuniors\vendor\yiisoft\yii2\base\Application.php(391): yii\web\Application->handleRequest(Object(yii\web\Request))
#14 C:\Users\Szitár\Documents\team\taskforjuniors\web\index.php(12): yii\base\Application->run()
#15 {main}

Next yii\db\IntegrityException: SQLSTATE[23000]: Integrity constraint violation: 19 NOT NULL constraint failed: loan.created_at
The SQL being executed was: INSERT INTO `loan` (`equipment_id`, `borrower_id`, `loaned_at`, `due_at`) VALUES (8, 1, '2026-08-26', '2026-09-02') in C:\Users\Szitár\Documents\team\taskforjuniors\vendor\yiisoft\yii2\db\Schema.php:683
Stack trace:
#0 C:\Users\Szitár\Documents\team\taskforjuniors\vendor\yiisoft\yii2\db\Command.php(1325): yii\db\Schema->convertException(Object(PDOException), 'INSERT INTO `lo...')
#1 C:\Users\Szitár\Documents\team\taskforjuniors\vendor\yiisoft\yii2\db\Command.php(1120): yii\db\Command->internalExecute('INSERT INTO `lo...')
#2 C:\Users\Szitár\Documents\team\taskforjuniors\vendor\yiisoft\yii2\db\sqlite\Command.php(32): yii\db\Command->execute()
#3 C:\Users\Szitár\Documents\team\taskforjuniors\services\EquipmentService.php(90): yii\db\sqlite\Command->execute()
#4 [internal function]: app\services\EquipmentService->app\services\{closure}(Object(yii\db\Connection))
#5 C:\Users\Szitár\Documents\team\taskforjuniors\vendor\yiisoft\yii2\db\Connection.php(822): call_user_func(Object(Closure), Object(yii\db\Connection))
#6 C:\Users\Szitár\Documents\team\taskforjuniors\services\EquipmentService.php(89): yii\db\Connection->transaction(Object(Closure))
#7 C:\Users\Szitár\Documents\team\taskforjuniors\controllers\SiteController.php(72): app\services\EquipmentService->handleAction(Array)
#8 [internal function]: app\controllers\SiteController->actionIndex()
#9 C:\Users\Szitár\Documents\team\taskforjuniors\vendor\yiisoft\yii2\base\InlineAction.php(66): call_user_func_array(Array, Array)
#10 C:\Users\Szitár\Documents\team\taskforjuniors\vendor\yiisoft\yii2\base\Controller.php(197): yii\base\InlineAction->runWithParams(Array)
#11 C:\Users\Szitár\Documents\team\taskforjuniors\vendor\yiisoft\yii2\base\Module.php(554): yii\base\Controller->runAction('index', Array)
#12 C:\Users\Szitár\Documents\team\taskforjuniors\vendor\yiisoft\yii2\web\Application.php(112): yii\base\Module->runAction('site/index', Array)
#13 C:\Users\Szitár\Documents\team\taskforjuniors\vendor\yiisoft\yii2\base\Application.php(391): yii\web\Application->handleRequest(Object(yii\web\Request))
#14 C:\Users\Szitár\Documents\team\taskforjuniors\web\index.php(12): yii\base\Application->run()
#15 {main}
Additional Information:
Array
(
    [0] => 23000
    [1] => 19
    [2] => NOT NULL constraint failed: loan.created_at
)

2026-08-26 11:14:48 [127.0.0.1][100][1a0cfh6dl4bm5tg097acq0hms1][info][application] $_GET = [
    'r' => 'site/index'
]

$_POST = [
    '_csrf' => 'SG0cH33hhzvmQ97b2aoVirjbjg--3fECYEKdyZ116KASNXZvRZD-ZLIEnISu_WDV6YS3Ssayv2UaMfb9xQWgww=='
    'action' => 'lend'
    'equipment_id' => '8'
    'lender_id' => '1'
    'starts_on' => '2026-08-26'
    'due_on' => '2026-09-02'
]

$_FILES = []

$_COOKIE = [
    'PHPSESSID' => '1a0cfh6dl4bm5tg097acq0hms1'
    '_csrf' => '447f5085f1d1f24502695b8b92bcb8cd0d77b842fa21bf4cf568c0c285f7a3bfa:2:{i:0;s:5:\"_csrf\";i:1;s:32:\"ZXjp8qy_TGB_wWu_Q_9ExoNgzsk4XpHc\";}'
]

$_SESSION = [
    '__flash' => []
    '__id' => '100'
    '__authKey' => 'test100key'
]

$_SERVER = [
    'DOCUMENT_ROOT' => 'C:\\Users\\Szitár\\Documents\\team\\taskforjuniors\\web'
    'REMOTE_ADDR' => '127.0.0.1'
    'REMOTE_PORT' => '56332'
    'SERVER_SOFTWARE' => 'PHP 8.2.29 Development Server'
    'SERVER_PROTOCOL' => 'HTTP/1.1'
    'SERVER_NAME' => '127.0.0.1'
    'SERVER_PORT' => '8091'
    'REQUEST_URI' => '/index.php?r=site%2Findex'
    'REQUEST_METHOD' => 'POST'
    'SCRIPT_NAME' => '/index.php'
    'SCRIPT_FILENAME' => 'C:\\Users\\Szitár\\Documents\\team\\taskforjuniors\\web\\index.php'
    'PHP_SELF' => '/index.php'
    'QUERY_STRING' => 'r=site%2Findex'
    'HTTP_HOST' => '127.0.0.1:8091'
    'HTTP_CONNECTION' => 'keep-alive'
    'CONTENT_LENGTH' => '176'
    'HTTP_CONTENT_LENGTH' => '176'
    'HTTP_CACHE_CONTROL' => 'max-age=0'
    'HTTP_SEC_CH_UA' => '\"Not=A?Brand\";v=\"99\", \"Microsoft Edge\";v=\"151\", \"Chromium\";v=\"151\"'
    'HTTP_SEC_CH_UA_MOBILE' => '?0'
    'HTTP_SEC_CH_UA_PLATFORM' => '\"Windows\"'
    'HTTP_UPGRADE_INSECURE_REQUESTS' => '1'
    'CONTENT_TYPE' => 'application/x-www-form-urlencoded'
    'HTTP_CONTENT_TYPE' => 'application/x-www-form-urlencoded'
    'HTTP_USER_AGENT' => 'Mozilla/5.0 (Windows NT 10.0; Win64; x64) AppleWebKit/537.36 (KHTML, like Gecko) Chrome/151.0.0.0 Safari/537.36 Edg/151.0.0.0'
    'HTTP_ORIGIN' => 'http://127.0.0.1:8091'
    'HTTP_ACCEPT' => 'text/html,application/xhtml+xml,application/xml;q=0.9,image/avif,image/webp,image/apng,*/*;q=0.8,application/signed-exchange;v=b3;q=0.7'
    'HTTP_SEC_FETCH_SITE' => 'same-origin'
    'HTTP_SEC_FETCH_MODE' => 'navigate'
    'HTTP_SEC_FETCH_USER' => '?1'
    'HTTP_SEC_FETCH_DEST' => 'document'
    'HTTP_REFERER' => 'http://127.0.0.1:8091/index.php?r=site%2Findex'
    'HTTP_ACCEPT_ENCODING' => 'gzip, deflate, br, zstd'
    'HTTP_ACCEPT_LANGUAGE' => 'hu,en;q=0.9,en-GB;q=0.8,en-US;q=0.7'
    'HTTP_COOKIE' => 'PHPSESSID=1a0cfh6dl4bm5tg097acq0hms1; _csrf=447f5085f1d1f24502695b8b92bcb8cd0d77b842fa21bf4cf568c0c285f7a3bfa%3A2%3A%7Bi%3A0%3Bs%3A5%3A%22_csrf%22%3Bi%3A1%3Bs%3A32%3A%22ZXjp8qy_TGB_wWu_Q_9ExoNgzsk4XpHc%22%3B%7D'
    'REQUEST_TIME_FLOAT' => 1787735688.2687
    'REQUEST_TIME' => 1787735688
]
2026-08-26 11:21:26 [127.0.0.1][100][1a0cfh6dl4bm5tg097acq0hms1][error][yii\base\ErrorException:2] yii\base\ErrorException: Undefined array key "maintenance" in C:\Users\Szitár\Documents\team\taskforjuniors\views\site\index.php:13
Stack trace:
#0 C:\Users\Szitár\Documents\team\taskforjuniors\views\site\index.php(13): yii\web\ErrorHandler->handleError(code: '2', message: ''Undefined arra...', file: ''C:\\\\Users\\\\Szi...', line: '13')
#1 C:\Users\Szitár\Documents\team\taskforjuniors\vendor\yiisoft\yii2\base\View.php(347): yii\web\View->unknown()
#2 C:\Users\Szitár\Documents\team\taskforjuniors\vendor\yiisoft\yii2\base\View.php(257): yii\web\View->renderPhpFile(_file_: ''C:\\\\Users\\\\Szi...', _params_: '['equipment' =>...')
#3 C:\Users\Szitár\Documents\team\taskforjuniors\vendor\yiisoft\yii2\base\View.php(156): yii\web\View->renderFile(viewFile: ''C:\\\\Users\\\\Szi...', params: '['equipment' =>...', context: 'class app\\contr...')
#4 C:\Users\Szitár\Documents\team\taskforjuniors\vendor\yiisoft\yii2\base\Controller.php(450): yii\web\View->render(view: ''index'', params: '['equipment' =>...', context: 'class app\\contr...')
#5 C:\Users\Szitár\Documents\team\taskforjuniors\controllers\SiteController.php(77): app\controllers\SiteController->render(view: ''index'', params: '['equipment' =>...')
#6 C:\Users\Szitár\Documents\team\taskforjuniors\vendor\yiisoft\yii2\base\InlineAction.php(66): app\controllers\SiteController->actionIndex()
#7 C:\Users\Szitár\Documents\team\taskforjuniors\vendor\yiisoft\yii2\base\InlineAction.php(66): ::call_user_func_array:{C:\Users\Szitár\Documents\team\taskforjuniors\vendor\yiisoft\yii2\base\InlineAction.php:66}(callback: '[0 => class app...', args: '[]')
#8 C:\Users\Szitár\Documents\team\taskforjuniors\vendor\yiisoft\yii2\base\Controller.php(197): yii\base\InlineAction->runWithParams(params: '['status' => 'i...')
#9 C:\Users\Szitár\Documents\team\taskforjuniors\vendor\yiisoft\yii2\base\Module.php(554): app\controllers\SiteController->runAction(id: '''', params: '['status' => 'i...')
#10 C:\Users\Szitár\Documents\team\taskforjuniors\vendor\yiisoft\yii2\web\Application.php(112): yii\web\Application->runAction(route: '''', params: '['status' => 'i...')
#11 C:\Users\Szitár\Documents\team\taskforjuniors\vendor\yiisoft\yii2\base\Application.php(391): yii\web\Application->handleRequest(request: 'class yii\\web\\R...')
#12 C:\Users\Szitár\Documents\team\taskforjuniors\web\index.php(12): yii\web\Application->run()
#13 {main}
2026-08-26 11:21:26 [127.0.0.1][100][1a0cfh6dl4bm5tg097acq0hms1][info][application] $_GET = [
    'status' => 'in'
]

$_POST = []

$_FILES = []

$_COOKIE = [
    'PHPSESSID' => '1a0cfh6dl4bm5tg097acq0hms1'
    '_csrf' => '447f5085f1d1f24502695b8b92bcb8cd0d77b842fa21bf4cf568c0c285f7a3bfa:2:{i:0;s:5:\"_csrf\";i:1;s:32:\"ZXjp8qy_TGB_wWu_Q_9ExoNgzsk4XpHc\";}'
]

$_SESSION = [
    '__flash' => []
    '__id' => '100'
    '__authKey' => 'test100key'
]

$_SERVER = [
    'DOCUMENT_ROOT' => 'C:\\Users\\Szitár\\Documents\\team\\taskforjuniors\\web'
    'REMOTE_ADDR' => '127.0.0.1'
    'REMOTE_PORT' => '50390'
    'SERVER_SOFTWARE' => 'PHP 8.2.29 Development Server'
    'SERVER_PROTOCOL' => 'HTTP/1.1'
    'SERVER_NAME' => '127.0.0.1'
    'SERVER_PORT' => '8091'
    'REQUEST_URI' => '/index.php?status=in'
    'REQUEST_METHOD' => 'GET'
    'SCRIPT_NAME' => '/index.php'
    'SCRIPT_FILENAME' => 'C:\\Users\\Szitár\\Documents\\team\\taskforjuniors\\web\\index.php'
    'PHP_SELF' => '/index.php'
    'QUERY_STRING' => 'status=in'
    'HTTP_HOST' => '127.0.0.1:8091'
    'HTTP_CONNECTION' => 'keep-alive'
    'HTTP_PRAGMA' => 'no-cache'
    'HTTP_CACHE_CONTROL' => 'no-cache'
    'HTTP_SEC_CH_UA' => '\"Not=A?Brand\";v=\"99\", \"Microsoft Edge\";v=\"151\", \"Chromium\";v=\"151\"'
    'HTTP_SEC_CH_UA_MOBILE' => '?0'
    'HTTP_SEC_CH_UA_PLATFORM' => '\"Windows\"'
    'HTTP_UPGRADE_INSECURE_REQUESTS' => '1'
    'HTTP_USER_AGENT' => 'Mozilla/5.0 (Windows NT 10.0; Win64; x64) AppleWebKit/537.36 (KHTML, like Gecko) Chrome/151.0.0.0 Safari/537.36 Edg/151.0.0.0'
    'HTTP_ACCEPT' => 'text/html,application/xhtml+xml,application/xml;q=0.9,image/avif,image/webp,image/apng,*/*;q=0.8,application/signed-exchange;v=b3;q=0.7'
    'HTTP_SEC_FETCH_SITE' => 'same-origin'
    'HTTP_SEC_FETCH_MODE' => 'navigate'
    'HTTP_SEC_FETCH_USER' => '?1'
    'HTTP_SEC_FETCH_DEST' => 'document'
    'HTTP_REFERER' => 'http://127.0.0.1:8091/index.php?status=out'
    'HTTP_ACCEPT_ENCODING' => 'gzip, deflate, br, zstd'
    'HTTP_ACCEPT_LANGUAGE' => 'hu,en;q=0.9,en-GB;q=0.8,en-US;q=0.7'
    'HTTP_COOKIE' => 'PHPSESSID=1a0cfh6dl4bm5tg097acq0hms1; _csrf=447f5085f1d1f24502695b8b92bcb8cd0d77b842fa21bf4cf568c0c285f7a3bfa%3A2%3A%7Bi%3A0%3Bs%3A5%3A%22_csrf%22%3Bi%3A1%3Bs%3A32%3A%22ZXjp8qy_TGB_wWu_Q_9ExoNgzsk4XpHc%22%3B%7D'
    'REQUEST_TIME_FLOAT' => 1787736086.8654
    'REQUEST_TIME' => 1787736086
]
2026-08-27 09:55:38 [::1][100][3jh3nofa84kcmqd81q6vkp4gni][error][yii\db\Exception] PDOException: SQLSTATE[HY000]: General error: 1 no such function: NOW in C:\Users\Gyakornok02\PhpstormProjects\taskforjuniors\vendor\yiisoft\yii2\db\Command.php:267
Stack trace:
#0 C:\Users\Gyakornok02\PhpstormProjects\taskforjuniors\vendor\yiisoft\yii2\db\Command.php(267): PDO->prepare('INSERT INTO `ca...')
#1 C:\Users\Gyakornok02\PhpstormProjects\taskforjuniors\vendor\yiisoft\yii2\db\Command.php(1115): yii\db\Command->prepare(false)
#2 C:\Users\Gyakornok02\PhpstormProjects\taskforjuniors\vendor\yiisoft\yii2\db\sqlite\Command.php(32): yii\db\Command->execute()
#3 C:\Users\Gyakornok02\PhpstormProjects\taskforjuniors\vendor\yiisoft\yii2\db\Schema.php(438): yii\db\sqlite\Command->execute()
#4 C:\Users\Gyakornok02\PhpstormProjects\taskforjuniors\vendor\yiisoft\yii2\db\ActiveRecord.php(641): yii\db\Schema->insert('{{%category}}', Array)
#5 C:\Users\Gyakornok02\PhpstormProjects\taskforjuniors\vendor\yiisoft\yii2\db\ActiveRecord.php(571): yii\db\ActiveRecord->insertInternal(NULL)
#6 C:\Users\Gyakornok02\PhpstormProjects\taskforjuniors\vendor\yiisoft\yii2\db\BaseActiveRecord.php(709): yii\db\ActiveRecord->insert(true, NULL)
#7 C:\Users\Gyakornok02\PhpstormProjects\taskforjuniors\controllers\CategoryController.php(28): yii\db\BaseActiveRecord->save()
#8 [internal function]: app\controllers\CategoryController->actionCreate()
#9 C:\Users\Gyakornok02\PhpstormProjects\taskforjuniors\vendor\yiisoft\yii2\base\InlineAction.php(66): call_user_func_array(Array, Array)
#10 C:\Users\Gyakornok02\PhpstormProjects\taskforjuniors\vendor\yiisoft\yii2\base\Controller.php(197): yii\base\InlineAction->runWithParams(Array)
#11 C:\Users\Gyakornok02\PhpstormProjects\taskforjuniors\vendor\yiisoft\yii2\base\Module.php(554): yii\base\Controller->runAction('create', Array)
#12 C:\Users\Gyakornok02\PhpstormProjects\taskforjuniors\vendor\yiisoft\yii2\web\Application.php(112): yii\base\Module->runAction('category/create', Array)
#13 C:\Users\Gyakornok02\PhpstormProjects\taskforjuniors\vendor\yiisoft\yii2\base\Application.php(391): yii\web\Application->handleRequest(Object(yii\web\Request))
#14 C:\Users\Gyakornok02\PhpstormProjects\taskforjuniors\web\index.php(12): yii\base\Application->run()
#15 {main}

Next yii\db\Exception: SQLSTATE[HY000]: General error: 1 no such function: NOW
Failed to prepare SQL: INSERT INTO `category` (`name`, `slug`, `created_at`) VALUES (:qp0, :qp1, NOW()) in C:\Users\Gyakornok02\PhpstormProjects\taskforjuniors\vendor\yiisoft\yii2\db\Command.php:272
Stack trace:
#0 C:\Users\Gyakornok02\PhpstormProjects\taskforjuniors\vendor\yiisoft\yii2\db\Command.php(1115): yii\db\Command->prepare(false)
#1 C:\Users\Gyakornok02\PhpstormProjects\taskforjuniors\vendor\yiisoft\yii2\db\sqlite\Command.php(32): yii\db\Command->execute()
#2 C:\Users\Gyakornok02\PhpstormProjects\taskforjuniors\vendor\yiisoft\yii2\db\Schema.php(438): yii\db\sqlite\Command->execute()
#3 C:\Users\Gyakornok02\PhpstormProjects\taskforjuniors\vendor\yiisoft\yii2\db\ActiveRecord.php(641): yii\db\Schema->insert('{{%category}}', Array)
#4 C:\Users\Gyakornok02\PhpstormProjects\taskforjuniors\vendor\yiisoft\yii2\db\ActiveRecord.php(571): yii\db\ActiveRecord->insertInternal(NULL)
#5 C:\Users\Gyakornok02\PhpstormProjects\taskforjuniors\vendor\yiisoft\yii2\db\BaseActiveRecord.php(709): yii\db\ActiveRecord->insert(true, NULL)
#6 C:\Users\Gyakornok02\PhpstormProjects\taskforjuniors\controllers\CategoryController.php(28): yii\db\BaseActiveRecord->save()
#7 [internal function]: app\controllers\CategoryController->actionCreate()
#8 C:\Users\Gyakornok02\PhpstormProjects\taskforjuniors\vendor\yiisoft\yii2\base\InlineAction.php(66): call_user_func_array(Array, Array)
#9 C:\Users\Gyakornok02\PhpstormProjects\taskforjuniors\vendor\yiisoft\yii2\base\Controller.php(197): yii\base\InlineAction->runWithParams(Array)
#10 C:\Users\Gyakornok02\PhpstormProjects\taskforjuniors\vendor\yiisoft\yii2\base\Module.php(554): yii\base\Controller->runAction('create', Array)
#11 C:\Users\Gyakornok02\PhpstormProjects\taskforjuniors\vendor\yiisoft\yii2\web\Application.php(112): yii\base\Module->runAction('category/create', Array)
#12 C:\Users\Gyakornok02\PhpstormProjects\taskforjuniors\vendor\yiisoft\yii2\base\Application.php(391): yii\web\Application->handleRequest(Object(yii\web\Request))
#13 C:\Users\Gyakornok02\PhpstormProjects\taskforjuniors\web\index.php(12): yii\base\Application->run()
#14 {main}
Additional Information:
Array
(
    [0] => HY000
    [1] => 1
    [2] => no such function: NOW
)

2026-08-27 09:55:38 [::1][100][3jh3nofa84kcmqd81q6vkp4gni][info][application] $_GET = []

$_POST = [
    '_csrf' => 'cvAISJjpzVKiZQ5GpNMvhK6HHHqL6hKDnB2BhhtEhVdGoUQb_KCIN8pQbx7tm1zwxb5KGfPaIteoSbnFVzLCIw=='
    'Category' => [
        'name' => 'IKEA Pohár'
        'slug' => 'ikea-pohar'
    ]
]

$_FILES = []

$_COOKIE = [
    'language' => '854469913c319f201a14a5109be01bec822fd366ad1aedabb23743092e51e3d0a:2:{i:0;s:8:\"language\";i:1;s:2:\"hu\";}'
    '_identity' => '825c10f2436e3302e27195108e42c894b4811784c2b20ad3e35789833e0a52ffa:2:{i:0;s:9:\"_identity\";i:1;s:28:\"[\"100\",\"test100key\",2592000]\";}'
    'PHPSESSID' => '3jh3nofa84kcmqd81q6vkp4gni'
    '_csrf' => '621429a180ad137b01cdac51978ae58d9696e55a0174a13e3017d66a1f39d0eca:2:{i:0;s:5:\"_csrf\";i:1;s:32:\"4QLSdIEeh5aXIHstk9Vcx00T4T8CLvGt\";}'
]

$_SESSION = [
    '__flash' => []
    '__id' => '100'
    '__authKey' => 'test100key'
]

$_SERVER = [
    'DOCUMENT_ROOT' => 'C:\\Users\\Gyakornok02\\PhpstormProjects\\taskforjuniors\\web'
    'REMOTE_ADDR' => '::1'
    'REMOTE_PORT' => '62658'
    'SERVER_SOFTWARE' => 'PHP 8.2.26 Development Server'
    'SERVER_PROTOCOL' => 'HTTP/1.1'
    'SERVER_NAME' => 'localhost'
    'SERVER_PORT' => '8080'
    'REQUEST_URI' => '/category/create'
    'REQUEST_METHOD' => 'POST'
    'SCRIPT_NAME' => '/index.php'
    'SCRIPT_FILENAME' => 'C:\\Users\\Gyakornok02\\PhpstormProjects\\taskforjuniors\\web\\index.php'
    'PATH_INFO' => '/category/create'
    'PHP_SELF' => '/index.php/category/create'
    'HTTP_HOST' => 'localhost:8080'
    'HTTP_CONNECTION' => 'keep-alive'
    'CONTENT_LENGTH' => '163'
    'HTTP_CONTENT_LENGTH' => '163'
    'HTTP_CACHE_CONTROL' => 'max-age=0'
    'HTTP_SEC_CH_UA' => '\"Not=A?Brand\";v=\"99\", \"Microsoft Edge\";v=\"151\", \"Chromium\";v=\"151\"'
    'HTTP_SEC_CH_UA_MOBILE' => '?0'
    'HTTP_SEC_CH_UA_PLATFORM' => '\"Windows\"'
    'HTTP_UPGRADE_INSECURE_REQUESTS' => '1'
    'CONTENT_TYPE' => 'application/x-www-form-urlencoded'
    'HTTP_CONTENT_TYPE' => 'application/x-www-form-urlencoded'
    'HTTP_USER_AGENT' => 'Mozilla/5.0 (Windows NT 10.0; Win64; x64) AppleWebKit/537.36 (KHTML, like Gecko) Chrome/151.0.0.0 Safari/537.36 Edg/151.0.0.0'
    'HTTP_ORIGIN' => 'http://localhost:8080'
    'HTTP_ACCEPT' => 'text/html,application/xhtml+xml,application/xml;q=0.9,image/avif,image/webp,image/apng,*/*;q=0.8,application/signed-exchange;v=b3;q=0.7'
    'HTTP_SEC_FETCH_SITE' => 'same-origin'
    'HTTP_SEC_FETCH_MODE' => 'navigate'
    'HTTP_SEC_FETCH_USER' => '?1'
    'HTTP_SEC_FETCH_DEST' => 'document'
    'HTTP_REFERER' => 'http://localhost:8080/category/create'
    'HTTP_ACCEPT_ENCODING' => 'gzip, deflate, br, zstd'
    'HTTP_ACCEPT_LANGUAGE' => 'hu,en;q=0.9,en-GB;q=0.8,en-US;q=0.7'
    'HTTP_COOKIE' => 'language=854469913c319f201a14a5109be01bec822fd366ad1aedabb23743092e51e3d0a%3A2%3A%7Bi%3A0%3Bs%3A8%3A%22language%22%3Bi%3A1%3Bs%3A2%3A%22hu%22%3B%7D; _identity=825c10f2436e3302e27195108e42c894b4811784c2b20ad3e35789833e0a52ffa%3A2%3A%7Bi%3A0%3Bs%3A9%3A%22_identity%22%3Bi%3A1%3Bs%3A28%3A%22%5B%22100%22%2C%22test100key%22%2C2592000%5D%22%3B%7D; PHPSESSID=3jh3nofa84kcmqd81q6vkp4gni; _csrf=621429a180ad137b01cdac51978ae58d9696e55a0174a13e3017d66a1f39d0eca%3A2%3A%7Bi%3A0%3Bs%3A5%3A%22_csrf%22%3Bi%3A1%3Bs%3A32%3A%224QLSdIEeh5aXIHstk9Vcx00T4T8CLvGt%22%3B%7D'
    'REQUEST_TIME_FLOAT' => 1787817338.9358
    'REQUEST_TIME' => 1787817338
]
2026-08-27 09:59:47 [::1][100][3jh3nofa84kcmqd81q6vkp4gni][error][yii\db\Exception] PDOException: SQLSTATE[42000]: Syntax error or access violation: 1064 You have an error in your SQL syntax; check the manual that corresponds to your MySQL server version for the right syntax to use near 'PRAGMA foreign_keys = ON' at line 1 in C:\Users\Gyakornok02\PhpstormProjects\taskforjuniors\vendor\yiisoft\yii2\db\Command.php:1320
Stack trace:
#0 C:\Users\Gyakornok02\PhpstormProjects\taskforjuniors\vendor\yiisoft\yii2\db\Command.php(1320): PDOStatement->execute()
#1 C:\Users\Gyakornok02\PhpstormProjects\taskforjuniors\vendor\yiisoft\yii2\db\Command.php(1120): yii\db\Command->internalExecute('PRAGMA foreign_...')
#2 C:\Users\Gyakornok02\PhpstormProjects\taskforjuniors\services\EquipmentService.php(18): yii\db\Command->execute()
#3 C:\Users\Gyakornok02\PhpstormProjects\taskforjuniors\controllers\ReportController.php(25): app\services\EquipmentService->initialize()
#4 [internal function]: app\controllers\ReportController->actionOverdue()
#5 C:\Users\Gyakornok02\PhpstormProjects\taskforjuniors\vendor\yiisoft\yii2\base\InlineAction.php(66): call_user_func_array(Array, Array)
#6 C:\Users\Gyakornok02\PhpstormProjects\taskforjuniors\vendor\yiisoft\yii2\base\Controller.php(197): yii\base\InlineAction->runWithParams(Array)
#7 C:\Users\Gyakornok02\PhpstormProjects\taskforjuniors\vendor\yiisoft\yii2\base\Module.php(554): yii\base\Controller->runAction('overdue', Array)
#8 C:\Users\Gyakornok02\PhpstormProjects\taskforjuniors\vendor\yiisoft\yii2\web\Application.php(112): yii\base\Module->runAction('report/overdue', Array)
#9 C:\Users\Gyakornok02\PhpstormProjects\taskforjuniors\vendor\yiisoft\yii2\base\Application.php(391): yii\web\Application->handleRequest(Object(yii\web\Request))
#10 C:\Users\Gyakornok02\PhpstormProjects\taskforjuniors\web\index.php(12): yii\base\Application->run()
#11 {main}

Next yii\db\Exception: SQLSTATE[42000]: Syntax error or access violation: 1064 You have an error in your SQL syntax; check the manual that corresponds to your MySQL server version for the right syntax to use near 'PRAGMA foreign_keys = ON' at line 1
The SQL being executed was: PRAGMA foreign_keys = ON in C:\Users\Gyakornok02\PhpstormProjects\taskforjuniors\vendor\yiisoft\yii2\db\Schema.php:683
Stack trace:
#0 C:\Users\Gyakornok02\PhpstormProjects\taskforjuniors\vendor\yiisoft\yii2\db\Command.php(1325): yii\db\Schema->convertException(Object(PDOException), 'PRAGMA foreign_...')
#1 C:\Users\Gyakornok02\PhpstormProjects\taskforjuniors\vendor\yiisoft\yii2\db\Command.php(1120): yii\db\Command->internalExecute('PRAGMA foreign_...')
#2 C:\Users\Gyakornok02\PhpstormProjects\taskforjuniors\services\EquipmentService.php(18): yii\db\Command->execute()
#3 C:\Users\Gyakornok02\PhpstormProjects\taskforjuniors\controllers\ReportController.php(25): app\services\EquipmentService->initialize()
#4 [internal function]: app\controllers\ReportController->actionOverdue()
#5 C:\Users\Gyakornok02\PhpstormProjects\taskforjuniors\vendor\yiisoft\yii2\base\InlineAction.php(66): call_user_func_array(Array, Array)
#6 C:\Users\Gyakornok02\PhpstormProjects\taskforjuniors\vendor\yiisoft\yii2\base\Controller.php(197): yii\base\InlineAction->runWithParams(Array)
#7 C:\Users\Gyakornok02\PhpstormProjects\taskforjuniors\vendor\yiisoft\yii2\base\Module.php(554): yii\base\Controller->runAction('overdue', Array)
#8 C:\Users\Gyakornok02\PhpstormProjects\taskforjuniors\vendor\yiisoft\yii2\web\Application.php(112): yii\base\Module->runAction('report/overdue', Array)
#9 C:\Users\Gyakornok02\PhpstormProjects\taskforjuniors\vendor\yiisoft\yii2\base\Application.php(391): yii\web\Application->handleRequest(Object(yii\web\Request))
#10 C:\Users\Gyakornok02\PhpstormProjects\taskforjuniors\web\index.php(12): yii\base\Application->run()
#11 {main}
Additional Information:
Array
(
    [0] => 42000
    [1] => 1064
    [2] => You have an error in your SQL syntax; check the manual that corresponds to your MySQL server version for the right syntax to use near 'PRAGMA foreign_keys = ON' at line 1
)

2026-08-27 09:59:47 [::1][100][3jh3nofa84kcmqd81q6vkp4gni][info][application] $_GET = []

$_POST = []

$_FILES = []

$_COOKIE = [
    'language' => '854469913c319f201a14a5109be01bec822fd366ad1aedabb23743092e51e3d0a:2:{i:0;s:8:\"language\";i:1;s:2:\"hu\";}'
    '_identity' => '825c10f2436e3302e27195108e42c894b4811784c2b20ad3e35789833e0a52ffa:2:{i:0;s:9:\"_identity\";i:1;s:28:\"[\"100\",\"test100key\",2592000]\";}'
    'PHPSESSID' => '3jh3nofa84kcmqd81q6vkp4gni'
    '_csrf' => '621429a180ad137b01cdac51978ae58d9696e55a0174a13e3017d66a1f39d0eca:2:{i:0;s:5:\"_csrf\";i:1;s:32:\"4QLSdIEeh5aXIHstk9Vcx00T4T8CLvGt\";}'
]

$_SESSION = [
    '__flash' => []
    '__id' => '100'
    '__authKey' => 'test100key'
]

$_SERVER = [
    'DOCUMENT_ROOT' => 'C:\\Users\\Gyakornok02\\PhpstormProjects\\taskforjuniors\\web'
    'REMOTE_ADDR' => '::1'
    'REMOTE_PORT' => '62919'
    'SERVER_SOFTWARE' => 'PHP 8.2.26 Development Server'
    'SERVER_PROTOCOL' => 'HTTP/1.1'
    'SERVER_NAME' => 'localhost'
    'SERVER_PORT' => '8080'
    'REQUEST_URI' => '/report/overdue'
    'REQUEST_METHOD' => 'GET'
    'SCRIPT_NAME' => '/index.php'
    'SCRIPT_FILENAME' => 'C:\\Users\\Gyakornok02\\PhpstormProjects\\taskforjuniors\\web\\index.php'
    'PATH_INFO' => '/report/overdue'
    'PHP_SELF' => '/index.php/report/overdue'
    'HTTP_HOST' => 'localhost:8080'
    'HTTP_CONNECTION' => 'keep-alive'
    'HTTP_SEC_CH_UA' => '\"Not=A?Brand\";v=\"99\", \"Microsoft Edge\";v=\"151\", \"Chromium\";v=\"151\"'
    'HTTP_SEC_CH_UA_MOBILE' => '?0'
    'HTTP_SEC_CH_UA_PLATFORM' => '\"Windows\"'
    'HTTP_UPGRADE_INSECURE_REQUESTS' => '1'
    'HTTP_USER_AGENT' => 'Mozilla/5.0 (Windows NT 10.0; Win64; x64) AppleWebKit/537.36 (KHTML, like Gecko) Chrome/151.0.0.0 Safari/537.36 Edg/151.0.0.0'
    'HTTP_ACCEPT' => 'text/html,application/xhtml+xml,application/xml;q=0.9,image/avif,image/webp,image/apng,*/*;q=0.8,application/signed-exchange;v=b3;q=0.7'
    'HTTP_SEC_FETCH_SITE' => 'same-origin'
    'HTTP_SEC_FETCH_MODE' => 'navigate'
    'HTTP_SEC_FETCH_USER' => '?1'
    'HTTP_SEC_FETCH_DEST' => 'document'
    'HTTP_REFERER' => 'http://localhost:8080/loan'
    'HTTP_ACCEPT_ENCODING' => 'gzip, deflate, br, zstd'
    'HTTP_ACCEPT_LANGUAGE' => 'hu,en;q=0.9,en-GB;q=0.8,en-US;q=0.7'
    'HTTP_COOKIE' => 'language=854469913c319f201a14a5109be01bec822fd366ad1aedabb23743092e51e3d0a%3A2%3A%7Bi%3A0%3Bs%3A8%3A%22language%22%3Bi%3A1%3Bs%3A2%3A%22hu%22%3B%7D; _identity=825c10f2436e3302e27195108e42c894b4811784c2b20ad3e35789833e0a52ffa%3A2%3A%7Bi%3A0%3Bs%3A9%3A%22_identity%22%3Bi%3A1%3Bs%3A28%3A%22%5B%22100%22%2C%22test100key%22%2C2592000%5D%22%3B%7D; PHPSESSID=3jh3nofa84kcmqd81q6vkp4gni; _csrf=621429a180ad137b01cdac51978ae58d9696e55a0174a13e3017d66a1f39d0eca%3A2%3A%7Bi%3A0%3Bs%3A5%3A%22_csrf%22%3Bi%3A1%3Bs%3A32%3A%224QLSdIEeh5aXIHstk9Vcx00T4T8CLvGt%22%3B%7D'
    'REQUEST_TIME_FLOAT' => 1787817587.3359
    'REQUEST_TIME' => 1787817587
]
2026-08-27 10:02:46 [::1][100][3jh3nofa84kcmqd81q6vkp4gni][error][yii\db\Exception] PDOException: SQLSTATE[42000]: Syntax error or access violation: 1064 You have an error in your SQL syntax; check the manual that corresponds to your MySQL server version for the right syntax to use near 'PRAGMA foreign_keys = ON' at line 1 in C:\Users\Gyakornok02\PhpstormProjects\taskforjuniors\vendor\yiisoft\yii2\db\Command.php:1320
Stack trace:
#0 C:\Users\Gyakornok02\PhpstormProjects\taskforjuniors\vendor\yiisoft\yii2\db\Command.php(1320): PDOStatement->execute()
#1 C:\Users\Gyakornok02\PhpstormProjects\taskforjuniors\vendor\yiisoft\yii2\db\Command.php(1120): yii\db\Command->internalExecute('PRAGMA foreign_...')
#2 C:\Users\Gyakornok02\PhpstormProjects\taskforjuniors\services\EquipmentService.php(18): yii\db\Command->execute()
#3 C:\Users\Gyakornok02\PhpstormProjects\taskforjuniors\controllers\ReportController.php(25): app\services\EquipmentService->initialize()
#4 [internal function]: app\controllers\ReportController->actionOverdue()
#5 C:\Users\Gyakornok02\PhpstormProjects\taskforjuniors\vendor\yiisoft\yii2\base\InlineAction.php(66): call_user_func_array(Array, Array)
#6 C:\Users\Gyakornok02\PhpstormProjects\taskforjuniors\vendor\yiisoft\yii2\base\Controller.php(197): yii\base\InlineAction->runWithParams(Array)
#7 C:\Users\Gyakornok02\PhpstormProjects\taskforjuniors\vendor\yiisoft\yii2\base\Module.php(554): yii\base\Controller->runAction('overdue', Array)
#8 C:\Users\Gyakornok02\PhpstormProjects\taskforjuniors\vendor\yiisoft\yii2\web\Application.php(112): yii\base\Module->runAction('report/overdue', Array)
#9 C:\Users\Gyakornok02\PhpstormProjects\taskforjuniors\vendor\yiisoft\yii2\base\Application.php(391): yii\web\Application->handleRequest(Object(yii\web\Request))
#10 C:\Users\Gyakornok02\PhpstormProjects\taskforjuniors\web\index.php(12): yii\base\Application->run()
#11 {main}

Next yii\db\Exception: SQLSTATE[42000]: Syntax error or access violation: 1064 You have an error in your SQL syntax; check the manual that corresponds to your MySQL server version for the right syntax to use near 'PRAGMA foreign_keys = ON' at line 1
The SQL being executed was: PRAGMA foreign_keys = ON in C:\Users\Gyakornok02\PhpstormProjects\taskforjuniors\vendor\yiisoft\yii2\db\Schema.php:683
Stack trace:
#0 C:\Users\Gyakornok02\PhpstormProjects\taskforjuniors\vendor\yiisoft\yii2\db\Command.php(1325): yii\db\Schema->convertException(Object(PDOException), 'PRAGMA foreign_...')
#1 C:\Users\Gyakornok02\PhpstormProjects\taskforjuniors\vendor\yiisoft\yii2\db\Command.php(1120): yii\db\Command->internalExecute('PRAGMA foreign_...')
#2 C:\Users\Gyakornok02\PhpstormProjects\taskforjuniors\services\EquipmentService.php(18): yii\db\Command->execute()
#3 C:\Users\Gyakornok02\PhpstormProjects\taskforjuniors\controllers\ReportController.php(25): app\services\EquipmentService->initialize()
#4 [internal function]: app\controllers\ReportController->actionOverdue()
#5 C:\Users\Gyakornok02\PhpstormProjects\taskforjuniors\vendor\yiisoft\yii2\base\InlineAction.php(66): call_user_func_array(Array, Array)
#6 C:\Users\Gyakornok02\PhpstormProjects\taskforjuniors\vendor\yiisoft\yii2\base\Controller.php(197): yii\base\InlineAction->runWithParams(Array)
#7 C:\Users\Gyakornok02\PhpstormProjects\taskforjuniors\vendor\yiisoft\yii2\base\Module.php(554): yii\base\Controller->runAction('overdue', Array)
#8 C:\Users\Gyakornok02\PhpstormProjects\taskforjuniors\vendor\yiisoft\yii2\web\Application.php(112): yii\base\Module->runAction('report/overdue', Array)
#9 C:\Users\Gyakornok02\PhpstormProjects\taskforjuniors\vendor\yiisoft\yii2\base\Application.php(391): yii\web\Application->handleRequest(Object(yii\web\Request))
#10 C:\Users\Gyakornok02\PhpstormProjects\taskforjuniors\web\index.php(12): yii\base\Application->run()
#11 {main}
Additional Information:
Array
(
    [0] => 42000
    [1] => 1064
    [2] => You have an error in your SQL syntax; check the manual that corresponds to your MySQL server version for the right syntax to use near 'PRAGMA foreign_keys = ON' at line 1
)

2026-08-27 10:02:46 [::1][100][3jh3nofa84kcmqd81q6vkp4gni][info][application] $_GET = []

$_POST = []

$_FILES = []

$_COOKIE = [
    'language' => '854469913c319f201a14a5109be01bec822fd366ad1aedabb23743092e51e3d0a:2:{i:0;s:8:\"language\";i:1;s:2:\"hu\";}'
    '_identity' => '825c10f2436e3302e27195108e42c894b4811784c2b20ad3e35789833e0a52ffa:2:{i:0;s:9:\"_identity\";i:1;s:28:\"[\"100\",\"test100key\",2592000]\";}'
    'PHPSESSID' => '3jh3nofa84kcmqd81q6vkp4gni'
    '_csrf' => '621429a180ad137b01cdac51978ae58d9696e55a0174a13e3017d66a1f39d0eca:2:{i:0;s:5:\"_csrf\";i:1;s:32:\"4QLSdIEeh5aXIHstk9Vcx00T4T8CLvGt\";}'
]

$_SESSION = [
    '__flash' => []
    '__id' => '100'
    '__authKey' => 'test100key'
]

$_SERVER = [
    'DOCUMENT_ROOT' => 'C:\\Users\\Gyakornok02\\PhpstormProjects\\taskforjuniors\\web'
    'REMOTE_ADDR' => '::1'
    'REMOTE_PORT' => '62930'
    'SERVER_SOFTWARE' => 'PHP 8.2.26 Development Server'
    'SERVER_PROTOCOL' => 'HTTP/1.1'
    'SERVER_NAME' => 'localhost'
    'SERVER_PORT' => '8080'
    'REQUEST_URI' => '/report/overdue'
    'REQUEST_METHOD' => 'GET'
    'SCRIPT_NAME' => '/index.php'
    'SCRIPT_FILENAME' => 'C:\\Users\\Gyakornok02\\PhpstormProjects\\taskforjuniors\\web\\index.php'
    'PATH_INFO' => '/report/overdue'
    'PHP_SELF' => '/index.php/report/overdue'
    'HTTP_HOST' => 'localhost:8080'
    'HTTP_CONNECTION' => 'keep-alive'
    'HTTP_CACHE_CONTROL' => 'max-age=0'
    'HTTP_SEC_CH_UA' => '\"Not=A?Brand\";v=\"99\", \"Microsoft Edge\";v=\"151\", \"Chromium\";v=\"151\"'
    'HTTP_SEC_CH_UA_MOBILE' => '?0'
    'HTTP_SEC_CH_UA_PLATFORM' => '\"Windows\"'
    'HTTP_UPGRADE_INSECURE_REQUESTS' => '1'
    'HTTP_USER_AGENT' => 'Mozilla/5.0 (Windows NT 10.0; Win64; x64) AppleWebKit/537.36 (KHTML, like Gecko) Chrome/151.0.0.0 Safari/537.36 Edg/151.0.0.0'
    'HTTP_ACCEPT' => 'text/html,application/xhtml+xml,application/xml;q=0.9,image/avif,image/webp,image/apng,*/*;q=0.8,application/signed-exchange;v=b3;q=0.7'
    'HTTP_SEC_FETCH_SITE' => 'same-origin'
    'HTTP_SEC_FETCH_MODE' => 'navigate'
    'HTTP_SEC_FETCH_USER' => '?1'
    'HTTP_SEC_FETCH_DEST' => 'document'
    'HTTP_REFERER' => 'http://localhost:8080/loan'
    'HTTP_ACCEPT_ENCODING' => 'gzip, deflate, br, zstd'
    'HTTP_ACCEPT_LANGUAGE' => 'hu,en;q=0.9,en-GB;q=0.8,en-US;q=0.7'
    'HTTP_COOKIE' => 'language=854469913c319f201a14a5109be01bec822fd366ad1aedabb23743092e51e3d0a%3A2%3A%7Bi%3A0%3Bs%3A8%3A%22language%22%3Bi%3A1%3Bs%3A2%3A%22hu%22%3B%7D; _identity=825c10f2436e3302e27195108e42c894b4811784c2b20ad3e35789833e0a52ffa%3A2%3A%7Bi%3A0%3Bs%3A9%3A%22_identity%22%3Bi%3A1%3Bs%3A28%3A%22%5B%22100%22%2C%22test100key%22%2C2592000%5D%22%3B%7D; PHPSESSID=3jh3nofa84kcmqd81q6vkp4gni; _csrf=621429a180ad137b01cdac51978ae58d9696e55a0174a13e3017d66a1f39d0eca%3A2%3A%7Bi%3A0%3Bs%3A5%3A%22_csrf%22%3Bi%3A1%3Bs%3A32%3A%224QLSdIEeh5aXIHstk9Vcx00T4T8CLvGt%22%3B%7D'
    'REQUEST_TIME_FLOAT' => 1787817766.3233
    'REQUEST_TIME' => 1787817766
]
2026-08-27 10:02:49 [::1][100][3jh3nofa84kcmqd81q6vkp4gni][error][yii\db\Exception] PDOException: SQLSTATE[42000]: Syntax error or access violation: 1064 You have an error in your SQL syntax; check the manual that corresponds to your MySQL server version for the right syntax to use near 'PRAGMA foreign_keys = ON' at line 1 in C:\Users\Gyakornok02\PhpstormProjects\taskforjuniors\vendor\yiisoft\yii2\db\Command.php:1320
Stack trace:
#0 C:\Users\Gyakornok02\PhpstormProjects\taskforjuniors\vendor\yiisoft\yii2\db\Command.php(1320): PDOStatement->execute()
#1 C:\Users\Gyakornok02\PhpstormProjects\taskforjuniors\vendor\yiisoft\yii2\db\Command.php(1120): yii\db\Command->internalExecute('PRAGMA foreign_...')
#2 C:\Users\Gyakornok02\PhpstormProjects\taskforjuniors\services\EquipmentService.php(18): yii\db\Command->execute()
#3 C:\Users\Gyakornok02\PhpstormProjects\taskforjuniors\controllers\SiteController.php(67): app\services\EquipmentService->initialize()
#4 [internal function]: app\controllers\SiteController->actionIndex()
#5 C:\Users\Gyakornok02\PhpstormProjects\taskforjuniors\vendor\yiisoft\yii2\base\InlineAction.php(66): call_user_func_array(Array, Array)
#6 C:\Users\Gyakornok02\PhpstormProjects\taskforjuniors\vendor\yiisoft\yii2\base\Controller.php(197): yii\base\InlineAction->runWithParams(Array)
#7 C:\Users\Gyakornok02\PhpstormProjects\taskforjuniors\vendor\yiisoft\yii2\base\Module.php(554): yii\base\Controller->runAction('index', Array)
#8 C:\Users\Gyakornok02\PhpstormProjects\taskforjuniors\vendor\yiisoft\yii2\web\Application.php(112): yii\base\Module->runAction('', Array)
#9 C:\Users\Gyakornok02\PhpstormProjects\taskforjuniors\vendor\yiisoft\yii2\base\Application.php(391): yii\web\Application->handleRequest(Object(yii\web\Request))
#10 C:\Users\Gyakornok02\PhpstormProjects\taskforjuniors\web\index.php(12): yii\base\Application->run()
#11 {main}

Next yii\db\Exception: SQLSTATE[42000]: Syntax error or access violation: 1064 You have an error in your SQL syntax; check the manual that corresponds to your MySQL server version for the right syntax to use near 'PRAGMA foreign_keys = ON' at line 1
The SQL being executed was: PRAGMA foreign_keys = ON in C:\Users\Gyakornok02\PhpstormProjects\taskforjuniors\vendor\yiisoft\yii2\db\Schema.php:683
Stack trace:
#0 C:\Users\Gyakornok02\PhpstormProjects\taskforjuniors\vendor\yiisoft\yii2\db\Command.php(1325): yii\db\Schema->convertException(Object(PDOException), 'PRAGMA foreign_...')
#1 C:\Users\Gyakornok02\PhpstormProjects\taskforjuniors\vendor\yiisoft\yii2\db\Command.php(1120): yii\db\Command->internalExecute('PRAGMA foreign_...')
#2 C:\Users\Gyakornok02\PhpstormProjects\taskforjuniors\services\EquipmentService.php(18): yii\db\Command->execute()
#3 C:\Users\Gyakornok02\PhpstormProjects\taskforjuniors\controllers\SiteController.php(67): app\services\EquipmentService->initialize()
#4 [internal function]: app\controllers\SiteController->actionIndex()
#5 C:\Users\Gyakornok02\PhpstormProjects\taskforjuniors\vendor\yiisoft\yii2\base\InlineAction.php(66): call_user_func_array(Array, Array)
#6 C:\Users\Gyakornok02\PhpstormProjects\taskforjuniors\vendor\yiisoft\yii2\base\Controller.php(197): yii\base\InlineAction->runWithParams(Array)
#7 C:\Users\Gyakornok02\PhpstormProjects\taskforjuniors\vendor\yiisoft\yii2\base\Module.php(554): yii\base\Controller->runAction('index', Array)
#8 C:\Users\Gyakornok02\PhpstormProjects\taskforjuniors\vendor\yiisoft\yii2\web\Application.php(112): yii\base\Module->runAction('', Array)
#9 C:\Users\Gyakornok02\PhpstormProjects\taskforjuniors\vendor\yiisoft\yii2\base\Application.php(391): yii\web\Application->handleRequest(Object(yii\web\Request))
#10 C:\Users\Gyakornok02\PhpstormProjects\taskforjuniors\web\index.php(12): yii\base\Application->run()
#11 {main}
Additional Information:
Array
(
    [0] => 42000
    [1] => 1064
    [2] => You have an error in your SQL syntax; check the manual that corresponds to your MySQL server version for the right syntax to use near 'PRAGMA foreign_keys = ON' at line 1
)

2026-08-27 10:02:49 [::1][100][3jh3nofa84kcmqd81q6vkp4gni][info][application] $_GET = []

$_POST = []

$_FILES = []

$_COOKIE = [
    'language' => '854469913c319f201a14a5109be01bec822fd366ad1aedabb23743092e51e3d0a:2:{i:0;s:8:\"language\";i:1;s:2:\"hu\";}'
    '_identity' => '825c10f2436e3302e27195108e42c894b4811784c2b20ad3e35789833e0a52ffa:2:{i:0;s:9:\"_identity\";i:1;s:28:\"[\"100\",\"test100key\",2592000]\";}'
    'PHPSESSID' => '3jh3nofa84kcmqd81q6vkp4gni'
    '_csrf' => '621429a180ad137b01cdac51978ae58d9696e55a0174a13e3017d66a1f39d0eca:2:{i:0;s:5:\"_csrf\";i:1;s:32:\"4QLSdIEeh5aXIHstk9Vcx00T4T8CLvGt\";}'
]

$_SESSION = [
    '__flash' => []
    '__id' => '100'
    '__authKey' => 'test100key'
]

$_SERVER = [
    'DOCUMENT_ROOT' => 'C:\\Users\\Gyakornok02\\PhpstormProjects\\taskforjuniors\\web'
    'REMOTE_ADDR' => '::1'
    'REMOTE_PORT' => '62934'
    'SERVER_SOFTWARE' => 'PHP 8.2.26 Development Server'
    'SERVER_PROTOCOL' => 'HTTP/1.1'
    'SERVER_NAME' => 'localhost'
    'SERVER_PORT' => '8080'
    'REQUEST_URI' => '/'
    'REQUEST_METHOD' => 'GET'
    'SCRIPT_NAME' => '/index.php'
    'SCRIPT_FILENAME' => 'C:\\Users\\Gyakornok02\\PhpstormProjects\\taskforjuniors\\web\\index.php'
    'PHP_SELF' => '/index.php'
    'HTTP_HOST' => 'localhost:8080'
    'HTTP_CONNECTION' => 'keep-alive'
    'HTTP_SEC_CH_UA' => '\"Not=A?Brand\";v=\"99\", \"Microsoft Edge\";v=\"151\", \"Chromium\";v=\"151\"'
    'HTTP_SEC_CH_UA_MOBILE' => '?0'
    'HTTP_SEC_CH_UA_PLATFORM' => '\"Windows\"'
    'HTTP_UPGRADE_INSECURE_REQUESTS' => '1'
    'HTTP_USER_AGENT' => 'Mozilla/5.0 (Windows NT 10.0; Win64; x64) AppleWebKit/537.36 (KHTML, like Gecko) Chrome/151.0.0.0 Safari/537.36 Edg/151.0.0.0'
    'HTTP_ACCEPT' => 'text/html,application/xhtml+xml,application/xml;q=0.9,image/avif,image/webp,image/apng,*/*;q=0.8,application/signed-exchange;v=b3;q=0.7'
    'HTTP_SEC_FETCH_SITE' => 'none'
    'HTTP_SEC_FETCH_MODE' => 'navigate'
    'HTTP_SEC_FETCH_USER' => '?1'
    'HTTP_SEC_FETCH_DEST' => 'document'
    'HTTP_ACCEPT_ENCODING' => 'gzip, deflate, br, zstd'
    'HTTP_ACCEPT_LANGUAGE' => 'hu,en;q=0.9,en-GB;q=0.8,en-US;q=0.7'
    'HTTP_COOKIE' => 'language=854469913c319f201a14a5109be01bec822fd366ad1aedabb23743092e51e3d0a%3A2%3A%7Bi%3A0%3Bs%3A8%3A%22language%22%3Bi%3A1%3Bs%3A2%3A%22hu%22%3B%7D; _identity=825c10f2436e3302e27195108e42c894b4811784c2b20ad3e35789833e0a52ffa%3A2%3A%7Bi%3A0%3Bs%3A9%3A%22_identity%22%3Bi%3A1%3Bs%3A28%3A%22%5B%22100%22%2C%22test100key%22%2C2592000%5D%22%3B%7D; PHPSESSID=3jh3nofa84kcmqd81q6vkp4gni; _csrf=621429a180ad137b01cdac51978ae58d9696e55a0174a13e3017d66a1f39d0eca%3A2%3A%7Bi%3A0%3Bs%3A5%3A%22_csrf%22%3Bi%3A1%3Bs%3A32%3A%224QLSdIEeh5aXIHstk9Vcx00T4T8CLvGt%22%3B%7D'
    'REQUEST_TIME_FLOAT' => 1787817769.6518
    'REQUEST_TIME' => 1787817769
]
2026-08-27 10:03:01 [::1][100][3jh3nofa84kcmqd81q6vkp4gni][error][yii\db\Exception] PDOException: SQLSTATE[42000]: Syntax error or access violation: 1064 You have an error in your SQL syntax; check the manual that corresponds to your MySQL server version for the right syntax to use near 'PRAGMA foreign_keys = ON' at line 1 in C:\Users\Gyakornok02\PhpstormProjects\taskforjuniors\vendor\yiisoft\yii2\db\Command.php:1320
Stack trace:
#0 C:\Users\Gyakornok02\PhpstormProjects\taskforjuniors\vendor\yiisoft\yii2\db\Command.php(1320): PDOStatement->execute()
#1 C:\Users\Gyakornok02\PhpstormProjects\taskforjuniors\vendor\yiisoft\yii2\db\Command.php(1120): yii\db\Command->internalExecute('PRAGMA foreign_...')
#2 C:\Users\Gyakornok02\PhpstormProjects\taskforjuniors\services\EquipmentService.php(18): yii\db\Command->execute()
#3 C:\Users\Gyakornok02\PhpstormProjects\taskforjuniors\controllers\SiteController.php(67): app\services\EquipmentService->initialize()
#4 [internal function]: app\controllers\SiteController->actionIndex()
#5 C:\Users\Gyakornok02\PhpstormProjects\taskforjuniors\vendor\yiisoft\yii2\base\InlineAction.php(66): call_user_func_array(Array, Array)
#6 C:\Users\Gyakornok02\PhpstormProjects\taskforjuniors\vendor\yiisoft\yii2\base\Controller.php(197): yii\base\InlineAction->runWithParams(Array)
#7 C:\Users\Gyakornok02\PhpstormProjects\taskforjuniors\vendor\yiisoft\yii2\base\Module.php(554): yii\base\Controller->runAction('index', Array)
#8 C:\Users\Gyakornok02\PhpstormProjects\taskforjuniors\vendor\yiisoft\yii2\web\Application.php(112): yii\base\Module->runAction('', Array)
#9 C:\Users\Gyakornok02\PhpstormProjects\taskforjuniors\vendor\yiisoft\yii2\base\Application.php(391): yii\web\Application->handleRequest(Object(yii\web\Request))
#10 C:\Users\Gyakornok02\PhpstormProjects\taskforjuniors\web\index.php(12): yii\base\Application->run()
#11 {main}

Next yii\db\Exception: SQLSTATE[42000]: Syntax error or access violation: 1064 You have an error in your SQL syntax; check the manual that corresponds to your MySQL server version for the right syntax to use near 'PRAGMA foreign_keys = ON' at line 1
The SQL being executed was: PRAGMA foreign_keys = ON in C:\Users\Gyakornok02\PhpstormProjects\taskforjuniors\vendor\yiisoft\yii2\db\Schema.php:683
Stack trace:
#0 C:\Users\Gyakornok02\PhpstormProjects\taskforjuniors\vendor\yiisoft\yii2\db\Command.php(1325): yii\db\Schema->convertException(Object(PDOException), 'PRAGMA foreign_...')
#1 C:\Users\Gyakornok02\PhpstormProjects\taskforjuniors\vendor\yiisoft\yii2\db\Command.php(1120): yii\db\Command->internalExecute('PRAGMA foreign_...')
#2 C:\Users\Gyakornok02\PhpstormProjects\taskforjuniors\services\EquipmentService.php(18): yii\db\Command->execute()
#3 C:\Users\Gyakornok02\PhpstormProjects\taskforjuniors\controllers\SiteController.php(67): app\services\EquipmentService->initialize()
#4 [internal function]: app\controllers\SiteController->actionIndex()
#5 C:\Users\Gyakornok02\PhpstormProjects\taskforjuniors\vendor\yiisoft\yii2\base\InlineAction.php(66): call_user_func_array(Array, Array)
#6 C:\Users\Gyakornok02\PhpstormProjects\taskforjuniors\vendor\yiisoft\yii2\base\Controller.php(197): yii\base\InlineAction->runWithParams(Array)
#7 C:\Users\Gyakornok02\PhpstormProjects\taskforjuniors\vendor\yiisoft\yii2\base\Module.php(554): yii\base\Controller->runAction('index', Array)
#8 C:\Users\Gyakornok02\PhpstormProjects\taskforjuniors\vendor\yiisoft\yii2\web\Application.php(112): yii\base\Module->runAction('', Array)
#9 C:\Users\Gyakornok02\PhpstormProjects\taskforjuniors\vendor\yiisoft\yii2\base\Application.php(391): yii\web\Application->handleRequest(Object(yii\web\Request))
#10 C:\Users\Gyakornok02\PhpstormProjects\taskforjuniors\web\index.php(12): yii\base\Application->run()
#11 {main}
Additional Information:
Array
(
    [0] => 42000
    [1] => 1064
    [2] => You have an error in your SQL syntax; check the manual that corresponds to your MySQL server version for the right syntax to use near 'PRAGMA foreign_keys = ON' at line 1
)

2026-08-27 10:03:01 [::1][100][3jh3nofa84kcmqd81q6vkp4gni][info][application] $_GET = []

$_POST = []

$_FILES = []

$_COOKIE = [
    'language' => '854469913c319f201a14a5109be01bec822fd366ad1aedabb23743092e51e3d0a:2:{i:0;s:8:\"language\";i:1;s:2:\"hu\";}'
    '_identity' => '825c10f2436e3302e27195108e42c894b4811784c2b20ad3e35789833e0a52ffa:2:{i:0;s:9:\"_identity\";i:1;s:28:\"[\"100\",\"test100key\",2592000]\";}'
    'PHPSESSID' => '3jh3nofa84kcmqd81q6vkp4gni'
    '_csrf' => '621429a180ad137b01cdac51978ae58d9696e55a0174a13e3017d66a1f39d0eca:2:{i:0;s:5:\"_csrf\";i:1;s:32:\"4QLSdIEeh5aXIHstk9Vcx00T4T8CLvGt\";}'
]

$_SESSION = [
    '__flash' => []
    '__id' => '100'
    '__authKey' => 'test100key'
]

$_SERVER = [
    'DOCUMENT_ROOT' => 'C:\\Users\\Gyakornok02\\PhpstormProjects\\taskforjuniors\\web'
    'REMOTE_ADDR' => '::1'
    'REMOTE_PORT' => '62937'
    'SERVER_SOFTWARE' => 'PHP 8.2.26 Development Server'
    'SERVER_PROTOCOL' => 'HTTP/1.1'
    'SERVER_NAME' => 'localhost'
    'SERVER_PORT' => '8080'
    'REQUEST_URI' => '/'
    'REQUEST_METHOD' => 'GET'
    'SCRIPT_NAME' => '/index.php'
    'SCRIPT_FILENAME' => 'C:\\Users\\Gyakornok02\\PhpstormProjects\\taskforjuniors\\web\\index.php'
    'PHP_SELF' => '/index.php'
    'HTTP_HOST' => 'localhost:8080'
    'HTTP_CONNECTION' => 'keep-alive'
    'HTTP_SEC_CH_UA' => '\"Not=A?Brand\";v=\"99\", \"Microsoft Edge\";v=\"151\", \"Chromium\";v=\"151\"'
    'HTTP_SEC_CH_UA_MOBILE' => '?0'
    'HTTP_SEC_CH_UA_PLATFORM' => '\"Windows\"'
    'HTTP_UPGRADE_INSECURE_REQUESTS' => '1'
    'HTTP_USER_AGENT' => 'Mozilla/5.0 (Windows NT 10.0; Win64; x64) AppleWebKit/537.36 (KHTML, like Gecko) Chrome/151.0.0.0 Safari/537.36 Edg/151.0.0.0'
    'HTTP_ACCEPT' => 'text/html,application/xhtml+xml,application/xml;q=0.9,image/avif,image/webp,image/apng,*/*;q=0.8,application/signed-exchange;v=b3;q=0.7'
    'HTTP_SEC_FETCH_SITE' => 'none'
    'HTTP_SEC_FETCH_MODE' => 'navigate'
    'HTTP_SEC_FETCH_USER' => '?1'
    'HTTP_SEC_FETCH_DEST' => 'document'
    'HTTP_ACCEPT_ENCODING' => 'gzip, deflate, br, zstd'
    'HTTP_ACCEPT_LANGUAGE' => 'hu,en;q=0.9,en-GB;q=0.8,en-US;q=0.7'
    'HTTP_COOKIE' => 'language=854469913c319f201a14a5109be01bec822fd366ad1aedabb23743092e51e3d0a%3A2%3A%7Bi%3A0%3Bs%3A8%3A%22language%22%3Bi%3A1%3Bs%3A2%3A%22hu%22%3B%7D; _identity=825c10f2436e3302e27195108e42c894b4811784c2b20ad3e35789833e0a52ffa%3A2%3A%7Bi%3A0%3Bs%3A9%3A%22_identity%22%3Bi%3A1%3Bs%3A28%3A%22%5B%22100%22%2C%22test100key%22%2C2592000%5D%22%3B%7D; PHPSESSID=3jh3nofa84kcmqd81q6vkp4gni; _csrf=621429a180ad137b01cdac51978ae58d9696e55a0174a13e3017d66a1f39d0eca%3A2%3A%7Bi%3A0%3Bs%3A5%3A%22_csrf%22%3Bi%3A1%3Bs%3A32%3A%224QLSdIEeh5aXIHstk9Vcx00T4T8CLvGt%22%3B%7D'
    'REQUEST_TIME_FLOAT' => 1787817781.6069
    'REQUEST_TIME' => 1787817781
]
2026-08-27 10:31:07 [::1][100][3jh3nofa84kcmqd81q6vkp4gni][error][yii\db\Exception] PDOException: SQLSTATE[42000]: Syntax error or access violation: 1064 You have an error in your SQL syntax; check the manual that corresponds to your MySQL server version for the right syntax to use near 'PRAGMA foreign_keys = ON' at line 1 in C:\Users\Gyakornok02\PhpstormProjects\taskforjuniors\vendor\yiisoft\yii2\db\Command.php:1320
Stack trace:
#0 C:\Users\Gyakornok02\PhpstormProjects\taskforjuniors\vendor\yiisoft\yii2\db\Command.php(1320): PDOStatement->execute()
#1 C:\Users\Gyakornok02\PhpstormProjects\taskforjuniors\vendor\yiisoft\yii2\db\Command.php(1120): yii\db\Command->internalExecute('PRAGMA foreign_...')
#2 C:\Users\Gyakornok02\PhpstormProjects\taskforjuniors\services\EquipmentService.php(20): yii\db\Command->execute()
#3 C:\Users\Gyakornok02\PhpstormProjects\taskforjuniors\controllers\SiteController.php(67): app\services\EquipmentService->initialize()
#4 [internal function]: app\controllers\SiteController->actionIndex()
#5 C:\Users\Gyakornok02\PhpstormProjects\taskforjuniors\vendor\yiisoft\yii2\base\InlineAction.php(66): call_user_func_array(Array, Array)
#6 C:\Users\Gyakornok02\PhpstormProjects\taskforjuniors\vendor\yiisoft\yii2\base\Controller.php(197): yii\base\InlineAction->runWithParams(Array)
#7 C:\Users\Gyakornok02\PhpstormProjects\taskforjuniors\vendor\yiisoft\yii2\base\Module.php(554): yii\base\Controller->runAction('index', Array)
#8 C:\Users\Gyakornok02\PhpstormProjects\taskforjuniors\vendor\yiisoft\yii2\web\Application.php(112): yii\base\Module->runAction('', Array)
#9 C:\Users\Gyakornok02\PhpstormProjects\taskforjuniors\vendor\yiisoft\yii2\base\Application.php(391): yii\web\Application->handleRequest(Object(yii\web\Request))
#10 C:\Users\Gyakornok02\PhpstormProjects\taskforjuniors\web\index.php(12): yii\base\Application->run()
#11 {main}

Next yii\db\Exception: SQLSTATE[42000]: Syntax error or access violation: 1064 You have an error in your SQL syntax; check the manual that corresponds to your MySQL server version for the right syntax to use near 'PRAGMA foreign_keys = ON' at line 1
The SQL being executed was: PRAGMA foreign_keys = ON in C:\Users\Gyakornok02\PhpstormProjects\taskforjuniors\vendor\yiisoft\yii2\db\Schema.php:683
Stack trace:
#0 C:\Users\Gyakornok02\PhpstormProjects\taskforjuniors\vendor\yiisoft\yii2\db\Command.php(1325): yii\db\Schema->convertException(Object(PDOException), 'PRAGMA foreign_...')
#1 C:\Users\Gyakornok02\PhpstormProjects\taskforjuniors\vendor\yiisoft\yii2\db\Command.php(1120): yii\db\Command->internalExecute('PRAGMA foreign_...')
#2 C:\Users\Gyakornok02\PhpstormProjects\taskforjuniors\services\EquipmentService.php(20): yii\db\Command->execute()
#3 C:\Users\Gyakornok02\PhpstormProjects\taskforjuniors\controllers\SiteController.php(67): app\services\EquipmentService->initialize()
#4 [internal function]: app\controllers\SiteController->actionIndex()
#5 C:\Users\Gyakornok02\PhpstormProjects\taskforjuniors\vendor\yiisoft\yii2\base\InlineAction.php(66): call_user_func_array(Array, Array)
#6 C:\Users\Gyakornok02\PhpstormProjects\taskforjuniors\vendor\yiisoft\yii2\base\Controller.php(197): yii\base\InlineAction->runWithParams(Array)
#7 C:\Users\Gyakornok02\PhpstormProjects\taskforjuniors\vendor\yiisoft\yii2\base\Module.php(554): yii\base\Controller->runAction('index', Array)
#8 C:\Users\Gyakornok02\PhpstormProjects\taskforjuniors\vendor\yiisoft\yii2\web\Application.php(112): yii\base\Module->runAction('', Array)
#9 C:\Users\Gyakornok02\PhpstormProjects\taskforjuniors\vendor\yiisoft\yii2\base\Application.php(391): yii\web\Application->handleRequest(Object(yii\web\Request))
#10 C:\Users\Gyakornok02\PhpstormProjects\taskforjuniors\web\index.php(12): yii\base\Application->run()
#11 {main}
Additional Information:
Array
(
    [0] => 42000
    [1] => 1064
    [2] => You have an error in your SQL syntax; check the manual that corresponds to your MySQL server version for the right syntax to use near 'PRAGMA foreign_keys = ON' at line 1
)

2026-08-27 10:31:07 [::1][100][3jh3nofa84kcmqd81q6vkp4gni][info][application] $_GET = []

$_POST = []

$_FILES = []

$_COOKIE = [
    'language' => '854469913c319f201a14a5109be01bec822fd366ad1aedabb23743092e51e3d0a:2:{i:0;s:8:\"language\";i:1;s:2:\"hu\";}'
    '_identity' => '825c10f2436e3302e27195108e42c894b4811784c2b20ad3e35789833e0a52ffa:2:{i:0;s:9:\"_identity\";i:1;s:28:\"[\"100\",\"test100key\",2592000]\";}'
    'PHPSESSID' => '3jh3nofa84kcmqd81q6vkp4gni'
    '_csrf' => '621429a180ad137b01cdac51978ae58d9696e55a0174a13e3017d66a1f39d0eca:2:{i:0;s:5:\"_csrf\";i:1;s:32:\"4QLSdIEeh5aXIHstk9Vcx00T4T8CLvGt\";}'
]

$_SESSION = [
    '__flash' => []
    '__id' => '100'
    '__authKey' => 'test100key'
]

$_SERVER = [
    'DOCUMENT_ROOT' => 'C:\\Users\\Gyakornok02\\PhpstormProjects\\taskforjuniors\\web'
    'REMOTE_ADDR' => '::1'
    'REMOTE_PORT' => '63193'
    'SERVER_SOFTWARE' => 'PHP 8.2.26 Development Server'
    'SERVER_PROTOCOL' => 'HTTP/1.1'
    'SERVER_NAME' => 'localhost'
    'SERVER_PORT' => '8080'
    'REQUEST_URI' => '/'
    'REQUEST_METHOD' => 'GET'
    'SCRIPT_NAME' => '/index.php'
    'SCRIPT_FILENAME' => 'C:\\Users\\Gyakornok02\\PhpstormProjects\\taskforjuniors\\web\\index.php'
    'PHP_SELF' => '/index.php'
    'HTTP_HOST' => 'localhost:8080'
    'HTTP_CONNECTION' => 'keep-alive'
    'HTTP_SEC_CH_UA' => '\"Not=A?Brand\";v=\"99\", \"Microsoft Edge\";v=\"151\", \"Chromium\";v=\"151\"'
    'HTTP_SEC_CH_UA_MOBILE' => '?0'
    'HTTP_SEC_CH_UA_PLATFORM' => '\"Windows\"'
    'HTTP_UPGRADE_INSECURE_REQUESTS' => '1'
    'HTTP_USER_AGENT' => 'Mozilla/5.0 (Windows NT 10.0; Win64; x64) AppleWebKit/537.36 (KHTML, like Gecko) Chrome/151.0.0.0 Safari/537.36 Edg/151.0.0.0'
    'HTTP_ACCEPT' => 'text/html,application/xhtml+xml,application/xml;q=0.9,image/avif,image/webp,image/apng,*/*;q=0.8,application/signed-exchange;v=b3;q=0.7'
    'HTTP_SEC_FETCH_SITE' => 'none'
    'HTTP_SEC_FETCH_MODE' => 'navigate'
    'HTTP_SEC_FETCH_USER' => '?1'
    'HTTP_SEC_FETCH_DEST' => 'document'
    'HTTP_ACCEPT_ENCODING' => 'gzip, deflate, br, zstd'
    'HTTP_ACCEPT_LANGUAGE' => 'hu,en;q=0.9,en-GB;q=0.8,en-US;q=0.7'
    'HTTP_COOKIE' => 'language=854469913c319f201a14a5109be01bec822fd366ad1aedabb23743092e51e3d0a%3A2%3A%7Bi%3A0%3Bs%3A8%3A%22language%22%3Bi%3A1%3Bs%3A2%3A%22hu%22%3B%7D; _identity=825c10f2436e3302e27195108e42c894b4811784c2b20ad3e35789833e0a52ffa%3A2%3A%7Bi%3A0%3Bs%3A9%3A%22_identity%22%3Bi%3A1%3Bs%3A28%3A%22%5B%22100%22%2C%22test100key%22%2C2592000%5D%22%3B%7D; PHPSESSID=3jh3nofa84kcmqd81q6vkp4gni; _csrf=621429a180ad137b01cdac51978ae58d9696e55a0174a13e3017d66a1f39d0eca%3A2%3A%7Bi%3A0%3Bs%3A5%3A%22_csrf%22%3Bi%3A1%3Bs%3A32%3A%224QLSdIEeh5aXIHstk9Vcx00T4T8CLvGt%22%3B%7D'
    'REQUEST_TIME_FLOAT' => 1787819467.7258
    'REQUEST_TIME' => 1787819467
]
2026-08-27 10:39:51 [::1][100][3jh3nofa84kcmqd81q6vkp4gni][error][yii\db\Exception] PDOException: SQLSTATE[42000]: Syntax error or access violation: 1064 You have an error in your SQL syntax; check the manual that corresponds to your MySQL server version for the right syntax to use near 'PRAGMA foreign_keys = ON' at line 1 in C:\Users\Gyakornok02\PhpstormProjects\taskforjuniors\vendor\yiisoft\yii2\db\Command.php:1320
Stack trace:
#0 C:\Users\Gyakornok02\PhpstormProjects\taskforjuniors\vendor\yiisoft\yii2\db\Command.php(1320): PDOStatement->execute()
#1 C:\Users\Gyakornok02\PhpstormProjects\taskforjuniors\vendor\yiisoft\yii2\db\Command.php(1120): yii\db\Command->internalExecute('PRAGMA foreign_...')
#2 C:\Users\Gyakornok02\PhpstormProjects\taskforjuniors\services\EquipmentService.php(20): yii\db\Command->execute()
#3 C:\Users\Gyakornok02\PhpstormProjects\taskforjuniors\controllers\SiteController.php(67): app\services\EquipmentService->initialize()
#4 [internal function]: app\controllers\SiteController->actionIndex()
#5 C:\Users\Gyakornok02\PhpstormProjects\taskforjuniors\vendor\yiisoft\yii2\base\InlineAction.php(66): call_user_func_array(Array, Array)
#6 C:\Users\Gyakornok02\PhpstormProjects\taskforjuniors\vendor\yiisoft\yii2\base\Controller.php(197): yii\base\InlineAction->runWithParams(Array)
#7 C:\Users\Gyakornok02\PhpstormProjects\taskforjuniors\vendor\yiisoft\yii2\base\Module.php(554): yii\base\Controller->runAction('index', Array)
#8 C:\Users\Gyakornok02\PhpstormProjects\taskforjuniors\vendor\yiisoft\yii2\web\Application.php(112): yii\base\Module->runAction('', Array)
#9 C:\Users\Gyakornok02\PhpstormProjects\taskforjuniors\vendor\yiisoft\yii2\base\Application.php(391): yii\web\Application->handleRequest(Object(yii\web\Request))
#10 C:\Users\Gyakornok02\PhpstormProjects\taskforjuniors\web\index.php(12): yii\base\Application->run()
#11 {main}

Next yii\db\Exception: SQLSTATE[42000]: Syntax error or access violation: 1064 You have an error in your SQL syntax; check the manual that corresponds to your MySQL server version for the right syntax to use near 'PRAGMA foreign_keys = ON' at line 1
The SQL being executed was: PRAGMA foreign_keys = ON in C:\Users\Gyakornok02\PhpstormProjects\taskforjuniors\vendor\yiisoft\yii2\db\Schema.php:683
Stack trace:
#0 C:\Users\Gyakornok02\PhpstormProjects\taskforjuniors\vendor\yiisoft\yii2\db\Command.php(1325): yii\db\Schema->convertException(Object(PDOException), 'PRAGMA foreign_...')
#1 C:\Users\Gyakornok02\PhpstormProjects\taskforjuniors\vendor\yiisoft\yii2\db\Command.php(1120): yii\db\Command->internalExecute('PRAGMA foreign_...')
#2 C:\Users\Gyakornok02\PhpstormProjects\taskforjuniors\services\EquipmentService.php(20): yii\db\Command->execute()
#3 C:\Users\Gyakornok02\PhpstormProjects\taskforjuniors\controllers\SiteController.php(67): app\services\EquipmentService->initialize()
#4 [internal function]: app\controllers\SiteController->actionIndex()
#5 C:\Users\Gyakornok02\PhpstormProjects\taskforjuniors\vendor\yiisoft\yii2\base\InlineAction.php(66): call_user_func_array(Array, Array)
#6 C:\Users\Gyakornok02\PhpstormProjects\taskforjuniors\vendor\yiisoft\yii2\base\Controller.php(197): yii\base\InlineAction->runWithParams(Array)
#7 C:\Users\Gyakornok02\PhpstormProjects\taskforjuniors\vendor\yiisoft\yii2\base\Module.php(554): yii\base\Controller->runAction('index', Array)
#8 C:\Users\Gyakornok02\PhpstormProjects\taskforjuniors\vendor\yiisoft\yii2\web\Application.php(112): yii\base\Module->runAction('', Array)
#9 C:\Users\Gyakornok02\PhpstormProjects\taskforjuniors\vendor\yiisoft\yii2\base\Application.php(391): yii\web\Application->handleRequest(Object(yii\web\Request))
#10 C:\Users\Gyakornok02\PhpstormProjects\taskforjuniors\web\index.php(12): yii\base\Application->run()
#11 {main}
Additional Information:
Array
(
    [0] => 42000
    [1] => 1064
    [2] => You have an error in your SQL syntax; check the manual that corresponds to your MySQL server version for the right syntax to use near 'PRAGMA foreign_keys = ON' at line 1
)

2026-08-27 10:39:51 [::1][100][3jh3nofa84kcmqd81q6vkp4gni][info][application] $_GET = []

$_POST = []

$_FILES = []

$_COOKIE = [
    'language' => '854469913c319f201a14a5109be01bec822fd366ad1aedabb23743092e51e3d0a:2:{i:0;s:8:\"language\";i:1;s:2:\"hu\";}'
    '_identity' => '825c10f2436e3302e27195108e42c894b4811784c2b20ad3e35789833e0a52ffa:2:{i:0;s:9:\"_identity\";i:1;s:28:\"[\"100\",\"test100key\",2592000]\";}'
    'PHPSESSID' => '3jh3nofa84kcmqd81q6vkp4gni'
    '_csrf' => '621429a180ad137b01cdac51978ae58d9696e55a0174a13e3017d66a1f39d0eca:2:{i:0;s:5:\"_csrf\";i:1;s:32:\"4QLSdIEeh5aXIHstk9Vcx00T4T8CLvGt\";}'
]

$_SESSION = [
    '__flash' => []
    '__id' => '100'
    '__authKey' => 'test100key'
]

$_SERVER = [
    'DOCUMENT_ROOT' => 'C:\\Users\\Gyakornok02\\PhpstormProjects\\taskforjuniors\\web'
    'REMOTE_ADDR' => '::1'
    'REMOTE_PORT' => '63229'
    'SERVER_SOFTWARE' => 'PHP 8.2.26 Development Server'
    'SERVER_PROTOCOL' => 'HTTP/1.1'
    'SERVER_NAME' => 'localhost'
    'SERVER_PORT' => '8080'
    'REQUEST_URI' => '/'
    'REQUEST_METHOD' => 'GET'
    'SCRIPT_NAME' => '/index.php'
    'SCRIPT_FILENAME' => 'C:\\Users\\Gyakornok02\\PhpstormProjects\\taskforjuniors\\web\\index.php'
    'PHP_SELF' => '/index.php'
    'HTTP_HOST' => 'localhost:8080'
    'HTTP_CONNECTION' => 'keep-alive'
    'HTTP_CACHE_CONTROL' => 'max-age=0'
    'HTTP_SEC_CH_UA' => '\"Not=A?Brand\";v=\"99\", \"Microsoft Edge\";v=\"151\", \"Chromium\";v=\"151\"'
    'HTTP_SEC_CH_UA_MOBILE' => '?0'
    'HTTP_SEC_CH_UA_PLATFORM' => '\"Windows\"'
    'HTTP_UPGRADE_INSECURE_REQUESTS' => '1'
    'HTTP_USER_AGENT' => 'Mozilla/5.0 (Windows NT 10.0; Win64; x64) AppleWebKit/537.36 (KHTML, like Gecko) Chrome/151.0.0.0 Safari/537.36 Edg/151.0.0.0'
    'HTTP_ACCEPT' => 'text/html,application/xhtml+xml,application/xml;q=0.9,image/avif,image/webp,image/apng,*/*;q=0.8,application/signed-exchange;v=b3;q=0.7'
    'HTTP_SEC_FETCH_SITE' => 'none'
    'HTTP_SEC_FETCH_MODE' => 'navigate'
    'HTTP_SEC_FETCH_USER' => '?1'
    'HTTP_SEC_FETCH_DEST' => 'document'
    'HTTP_ACCEPT_ENCODING' => 'gzip, deflate, br, zstd'
    'HTTP_ACCEPT_LANGUAGE' => 'hu,en;q=0.9,en-GB;q=0.8,en-US;q=0.7'
    'HTTP_COOKIE' => 'language=854469913c319f201a14a5109be01bec822fd366ad1aedabb23743092e51e3d0a%3A2%3A%7Bi%3A0%3Bs%3A8%3A%22language%22%3Bi%3A1%3Bs%3A2%3A%22hu%22%3B%7D; _identity=825c10f2436e3302e27195108e42c894b4811784c2b20ad3e35789833e0a52ffa%3A2%3A%7Bi%3A0%3Bs%3A9%3A%22_identity%22%3Bi%3A1%3Bs%3A28%3A%22%5B%22100%22%2C%22test100key%22%2C2592000%5D%22%3B%7D; PHPSESSID=3jh3nofa84kcmqd81q6vkp4gni; _csrf=621429a180ad137b01cdac51978ae58d9696e55a0174a13e3017d66a1f39d0eca%3A2%3A%7Bi%3A0%3Bs%3A5%3A%22_csrf%22%3Bi%3A1%3Bs%3A32%3A%224QLSdIEeh5aXIHstk9Vcx00T4T8CLvGt%22%3B%7D'
    'REQUEST_TIME_FLOAT' => 1787819991.5843
    'REQUEST_TIME' => 1787819991
]
2026-08-27 10:43:22 [::1][100][3jh3nofa84kcmqd81q6vkp4gni][error][yii\db\Exception] PDOException: SQLSTATE[42000]: Syntax error or access violation: 1064 You have an error in your SQL syntax; check the manual that corresponds to your MySQL server version for the right syntax to use near 'PRAGMA foreign_keys = ON' at line 1 in C:\Users\Gyakornok02\PhpstormProjects\taskforjuniors\vendor\yiisoft\yii2\db\Command.php:1320
Stack trace:
#0 C:\Users\Gyakornok02\PhpstormProjects\taskforjuniors\vendor\yiisoft\yii2\db\Command.php(1320): PDOStatement->execute()
#1 C:\Users\Gyakornok02\PhpstormProjects\taskforjuniors\vendor\yiisoft\yii2\db\Command.php(1120): yii\db\Command->internalExecute('PRAGMA foreign_...')
#2 C:\Users\Gyakornok02\PhpstormProjects\taskforjuniors\services\EquipmentService.php(20): yii\db\Command->execute()
#3 C:\Users\Gyakornok02\PhpstormProjects\taskforjuniors\controllers\SiteController.php(67): app\services\EquipmentService->initialize()
#4 [internal function]: app\controllers\SiteController->actionIndex()
#5 C:\Users\Gyakornok02\PhpstormProjects\taskforjuniors\vendor\yiisoft\yii2\base\InlineAction.php(66): call_user_func_array(Array, Array)
#6 C:\Users\Gyakornok02\PhpstormProjects\taskforjuniors\vendor\yiisoft\yii2\base\Controller.php(197): yii\base\InlineAction->runWithParams(Array)
#7 C:\Users\Gyakornok02\PhpstormProjects\taskforjuniors\vendor\yiisoft\yii2\base\Module.php(554): yii\base\Controller->runAction('index', Array)
#8 C:\Users\Gyakornok02\PhpstormProjects\taskforjuniors\vendor\yiisoft\yii2\web\Application.php(112): yii\base\Module->runAction('site/index', Array)
#9 C:\Users\Gyakornok02\PhpstormProjects\taskforjuniors\vendor\yiisoft\yii2\base\Application.php(391): yii\web\Application->handleRequest(Object(yii\web\Request))
#10 C:\Users\Gyakornok02\PhpstormProjects\taskforjuniors\web\index.php(12): yii\base\Application->run()
#11 {main}

Next yii\db\Exception: SQLSTATE[42000]: Syntax error or access violation: 1064 You have an error in your SQL syntax; check the manual that corresponds to your MySQL server version for the right syntax to use near 'PRAGMA foreign_keys = ON' at line 1
The SQL being executed was: PRAGMA foreign_keys = ON in C:\Users\Gyakornok02\PhpstormProjects\taskforjuniors\vendor\yiisoft\yii2\db\Schema.php:683
Stack trace:
#0 C:\Users\Gyakornok02\PhpstormProjects\taskforjuniors\vendor\yiisoft\yii2\db\Command.php(1325): yii\db\Schema->convertException(Object(PDOException), 'PRAGMA foreign_...')
#1 C:\Users\Gyakornok02\PhpstormProjects\taskforjuniors\vendor\yiisoft\yii2\db\Command.php(1120): yii\db\Command->internalExecute('PRAGMA foreign_...')
#2 C:\Users\Gyakornok02\PhpstormProjects\taskforjuniors\services\EquipmentService.php(20): yii\db\Command->execute()
#3 C:\Users\Gyakornok02\PhpstormProjects\taskforjuniors\controllers\SiteController.php(67): app\services\EquipmentService->initialize()
#4 [internal function]: app\controllers\SiteController->actionIndex()
#5 C:\Users\Gyakornok02\PhpstormProjects\taskforjuniors\vendor\yiisoft\yii2\base\InlineAction.php(66): call_user_func_array(Array, Array)
#6 C:\Users\Gyakornok02\PhpstormProjects\taskforjuniors\vendor\yiisoft\yii2\base\Controller.php(197): yii\base\InlineAction->runWithParams(Array)
#7 C:\Users\Gyakornok02\PhpstormProjects\taskforjuniors\vendor\yiisoft\yii2\base\Module.php(554): yii\base\Controller->runAction('index', Array)
#8 C:\Users\Gyakornok02\PhpstormProjects\taskforjuniors\vendor\yiisoft\yii2\web\Application.php(112): yii\base\Module->runAction('site/index', Array)
#9 C:\Users\Gyakornok02\PhpstormProjects\taskforjuniors\vendor\yiisoft\yii2\base\Application.php(391): yii\web\Application->handleRequest(Object(yii\web\Request))
#10 C:\Users\Gyakornok02\PhpstormProjects\taskforjuniors\web\index.php(12): yii\base\Application->run()
#11 {main}
Additional Information:
Array
(
    [0] => 42000
    [1] => 1064
    [2] => You have an error in your SQL syntax; check the manual that corresponds to your MySQL server version for the right syntax to use near 'PRAGMA foreign_keys = ON' at line 1
)

2026-08-27 10:43:22 [::1][100][3jh3nofa84kcmqd81q6vkp4gni][info][application] $_GET = []

$_POST = []

$_FILES = []

$_COOKIE = [
    'language' => '854469913c319f201a14a5109be01bec822fd366ad1aedabb23743092e51e3d0a:2:{i:0;s:8:\"language\";i:1;s:2:\"hu\";}'
    '_identity' => '825c10f2436e3302e27195108e42c894b4811784c2b20ad3e35789833e0a52ffa:2:{i:0;s:9:\"_identity\";i:1;s:28:\"[\"100\",\"test100key\",2592000]\";}'
    'PHPSESSID' => '3jh3nofa84kcmqd81q6vkp4gni'
    '_csrf' => '621429a180ad137b01cdac51978ae58d9696e55a0174a13e3017d66a1f39d0eca:2:{i:0;s:5:\"_csrf\";i:1;s:32:\"4QLSdIEeh5aXIHstk9Vcx00T4T8CLvGt\";}'
]

$_SESSION = [
    '__flash' => []
    '__id' => '100'
    '__authKey' => 'test100key'
]

$_SERVER = [
    'DOCUMENT_ROOT' => 'C:\\Users\\Gyakornok02\\PhpstormProjects\\taskforjuniors\\web'
    'REMOTE_ADDR' => '::1'
    'REMOTE_PORT' => '63619'
    'SERVER_SOFTWARE' => 'PHP 8.2.26 Development Server'
    'SERVER_PROTOCOL' => 'HTTP/1.1'
    'SERVER_NAME' => 'localhost'
    'SERVER_PORT' => '8080'
    'REQUEST_URI' => '/site/index'
    'REQUEST_METHOD' => 'GET'
    'SCRIPT_NAME' => '/index.php'
    'SCRIPT_FILENAME' => 'C:\\Users\\Gyakornok02\\PhpstormProjects\\taskforjuniors\\web\\index.php'
    'PATH_INFO' => '/site/index'
    'PHP_SELF' => '/index.php/site/index'
    'HTTP_HOST' => 'localhost:8080'
    'HTTP_CONNECTION' => 'keep-alive'
    'HTTP_SEC_CH_UA' => '\"Not=A?Brand\";v=\"99\", \"Microsoft Edge\";v=\"151\", \"Chromium\";v=\"151\"'
    'HTTP_SEC_CH_UA_MOBILE' => '?0'
    'HTTP_SEC_CH_UA_PLATFORM' => '\"Windows\"'
    'HTTP_UPGRADE_INSECURE_REQUESTS' => '1'
    'HTTP_USER_AGENT' => 'Mozilla/5.0 (Windows NT 10.0; Win64; x64) AppleWebKit/537.36 (KHTML, like Gecko) Chrome/151.0.0.0 Safari/537.36 Edg/151.0.0.0'
    'HTTP_ACCEPT' => 'text/html,application/xhtml+xml,application/xml;q=0.9,image/avif,image/webp,image/apng,*/*;q=0.8,application/signed-exchange;v=b3;q=0.7'
    'HTTP_SEC_FETCH_SITE' => 'same-origin'
    'HTTP_SEC_FETCH_MODE' => 'navigate'
    'HTTP_SEC_FETCH_USER' => '?1'
    'HTTP_SEC_FETCH_DEST' => 'document'
    'HTTP_REFERER' => 'http://localhost:8080/equipment/index'
    'HTTP_ACCEPT_ENCODING' => 'gzip, deflate, br, zstd'
    'HTTP_ACCEPT_LANGUAGE' => 'hu,en;q=0.9,en-GB;q=0.8,en-US;q=0.7'
    'HTTP_COOKIE' => 'language=854469913c319f201a14a5109be01bec822fd366ad1aedabb23743092e51e3d0a%3A2%3A%7Bi%3A0%3Bs%3A8%3A%22language%22%3Bi%3A1%3Bs%3A2%3A%22hu%22%3B%7D; _identity=825c10f2436e3302e27195108e42c894b4811784c2b20ad3e35789833e0a52ffa%3A2%3A%7Bi%3A0%3Bs%3A9%3A%22_identity%22%3Bi%3A1%3Bs%3A28%3A%22%5B%22100%22%2C%22test100key%22%2C2592000%5D%22%3B%7D; PHPSESSID=3jh3nofa84kcmqd81q6vkp4gni; _csrf=621429a180ad137b01cdac51978ae58d9696e55a0174a13e3017d66a1f39d0eca%3A2%3A%7Bi%3A0%3Bs%3A5%3A%22_csrf%22%3Bi%3A1%3Bs%3A32%3A%224QLSdIEeh5aXIHstk9Vcx00T4T8CLvGt%22%3B%7D'
    'REQUEST_TIME_FLOAT' => 1787820202.72
    'REQUEST_TIME' => 1787820202
]
2026-08-27 10:43:29 [::1][100][3jh3nofa84kcmqd81q6vkp4gni][error][yii\db\Exception] PDOException: SQLSTATE[42000]: Syntax error or access violation: 1064 You have an error in your SQL syntax; check the manual that corresponds to your MySQL server version for the right syntax to use near 'PRAGMA foreign_keys = ON' at line 1 in C:\Users\Gyakornok02\PhpstormProjects\taskforjuniors\vendor\yiisoft\yii2\db\Command.php:1320
Stack trace:
#0 C:\Users\Gyakornok02\PhpstormProjects\taskforjuniors\vendor\yiisoft\yii2\db\Command.php(1320): PDOStatement->execute()
#1 C:\Users\Gyakornok02\PhpstormProjects\taskforjuniors\vendor\yiisoft\yii2\db\Command.php(1120): yii\db\Command->internalExecute('PRAGMA foreign_...')
#2 C:\Users\Gyakornok02\PhpstormProjects\taskforjuniors\services\EquipmentService.php(20): yii\db\Command->execute()
#3 C:\Users\Gyakornok02\PhpstormProjects\taskforjuniors\controllers\ReportController.php(25): app\services\EquipmentService->initialize()
#4 [internal function]: app\controllers\ReportController->actionOverdue()
#5 C:\Users\Gyakornok02\PhpstormProjects\taskforjuniors\vendor\yiisoft\yii2\base\InlineAction.php(66): call_user_func_array(Array, Array)
#6 C:\Users\Gyakornok02\PhpstormProjects\taskforjuniors\vendor\yiisoft\yii2\base\Controller.php(197): yii\base\InlineAction->runWithParams(Array)
#7 C:\Users\Gyakornok02\PhpstormProjects\taskforjuniors\vendor\yiisoft\yii2\base\Module.php(554): yii\base\Controller->runAction('overdue', Array)
#8 C:\Users\Gyakornok02\PhpstormProjects\taskforjuniors\vendor\yiisoft\yii2\web\Application.php(112): yii\base\Module->runAction('report/overdue', Array)
#9 C:\Users\Gyakornok02\PhpstormProjects\taskforjuniors\vendor\yiisoft\yii2\base\Application.php(391): yii\web\Application->handleRequest(Object(yii\web\Request))
#10 C:\Users\Gyakornok02\PhpstormProjects\taskforjuniors\web\index.php(12): yii\base\Application->run()
#11 {main}

Next yii\db\Exception: SQLSTATE[42000]: Syntax error or access violation: 1064 You have an error in your SQL syntax; check the manual that corresponds to your MySQL server version for the right syntax to use near 'PRAGMA foreign_keys = ON' at line 1
The SQL being executed was: PRAGMA foreign_keys = ON in C:\Users\Gyakornok02\PhpstormProjects\taskforjuniors\vendor\yiisoft\yii2\db\Schema.php:683
Stack trace:
#0 C:\Users\Gyakornok02\PhpstormProjects\taskforjuniors\vendor\yiisoft\yii2\db\Command.php(1325): yii\db\Schema->convertException(Object(PDOException), 'PRAGMA foreign_...')
#1 C:\Users\Gyakornok02\PhpstormProjects\taskforjuniors\vendor\yiisoft\yii2\db\Command.php(1120): yii\db\Command->internalExecute('PRAGMA foreign_...')
#2 C:\Users\Gyakornok02\PhpstormProjects\taskforjuniors\services\EquipmentService.php(20): yii\db\Command->execute()
#3 C:\Users\Gyakornok02\PhpstormProjects\taskforjuniors\controllers\ReportController.php(25): app\services\EquipmentService->initialize()
#4 [internal function]: app\controllers\ReportController->actionOverdue()
#5 C:\Users\Gyakornok02\PhpstormProjects\taskforjuniors\vendor\yiisoft\yii2\base\InlineAction.php(66): call_user_func_array(Array, Array)
#6 C:\Users\Gyakornok02\PhpstormProjects\taskforjuniors\vendor\yiisoft\yii2\base\Controller.php(197): yii\base\InlineAction->runWithParams(Array)
#7 C:\Users\Gyakornok02\PhpstormProjects\taskforjuniors\vendor\yiisoft\yii2\base\Module.php(554): yii\base\Controller->runAction('overdue', Array)
#8 C:\Users\Gyakornok02\PhpstormProjects\taskforjuniors\vendor\yiisoft\yii2\web\Application.php(112): yii\base\Module->runAction('report/overdue', Array)
#9 C:\Users\Gyakornok02\PhpstormProjects\taskforjuniors\vendor\yiisoft\yii2\base\Application.php(391): yii\web\Application->handleRequest(Object(yii\web\Request))
#10 C:\Users\Gyakornok02\PhpstormProjects\taskforjuniors\web\index.php(12): yii\base\Application->run()
#11 {main}
Additional Information:
Array
(
    [0] => 42000
    [1] => 1064
    [2] => You have an error in your SQL syntax; check the manual that corresponds to your MySQL server version for the right syntax to use near 'PRAGMA foreign_keys = ON' at line 1
)

2026-08-27 10:43:29 [::1][100][3jh3nofa84kcmqd81q6vkp4gni][info][application] $_GET = []

$_POST = []

$_FILES = []

$_COOKIE = [
    'language' => '854469913c319f201a14a5109be01bec822fd366ad1aedabb23743092e51e3d0a:2:{i:0;s:8:\"language\";i:1;s:2:\"hu\";}'
    '_identity' => '825c10f2436e3302e27195108e42c894b4811784c2b20ad3e35789833e0a52ffa:2:{i:0;s:9:\"_identity\";i:1;s:28:\"[\"100\",\"test100key\",2592000]\";}'
    'PHPSESSID' => '3jh3nofa84kcmqd81q6vkp4gni'
    '_csrf' => '621429a180ad137b01cdac51978ae58d9696e55a0174a13e3017d66a1f39d0eca:2:{i:0;s:5:\"_csrf\";i:1;s:32:\"4QLSdIEeh5aXIHstk9Vcx00T4T8CLvGt\";}'
]

$_SESSION = [
    '__flash' => []
    '__id' => '100'
    '__authKey' => 'test100key'
]

$_SERVER = [
    'DOCUMENT_ROOT' => 'C:\\Users\\Gyakornok02\\PhpstormProjects\\taskforjuniors\\web'
    'REMOTE_ADDR' => '::1'
    'REMOTE_PORT' => '63662'
    'SERVER_SOFTWARE' => 'PHP 8.2.26 Development Server'
    'SERVER_PROTOCOL' => 'HTTP/1.1'
    'SERVER_NAME' => 'localhost'
    'SERVER_PORT' => '8080'
    'REQUEST_URI' => '/report/overdue'
    'REQUEST_METHOD' => 'GET'
    'SCRIPT_NAME' => '/index.php'
    'SCRIPT_FILENAME' => 'C:\\Users\\Gyakornok02\\PhpstormProjects\\taskforjuniors\\web\\index.php'
    'PATH_INFO' => '/report/overdue'
    'PHP_SELF' => '/index.php/report/overdue'
    'HTTP_HOST' => 'localhost:8080'
    'HTTP_CONNECTION' => 'keep-alive'
    'HTTP_SEC_CH_UA' => '\"Not=A?Brand\";v=\"99\", \"Microsoft Edge\";v=\"151\", \"Chromium\";v=\"151\"'
    'HTTP_SEC_CH_UA_MOBILE' => '?0'
    'HTTP_SEC_CH_UA_PLATFORM' => '\"Windows\"'
    'HTTP_UPGRADE_INSECURE_REQUESTS' => '1'
    'HTTP_USER_AGENT' => 'Mozilla/5.0 (Windows NT 10.0; Win64; x64) AppleWebKit/537.36 (KHTML, like Gecko) Chrome/151.0.0.0 Safari/537.36 Edg/151.0.0.0'
    'HTTP_ACCEPT' => 'text/html,application/xhtml+xml,application/xml;q=0.9,image/avif,image/webp,image/apng,*/*;q=0.8,application/signed-exchange;v=b3;q=0.7'
    'HTTP_SEC_FETCH_SITE' => 'same-origin'
    'HTTP_SEC_FETCH_MODE' => 'navigate'
    'HTTP_SEC_FETCH_USER' => '?1'
    'HTTP_SEC_FETCH_DEST' => 'document'
    'HTTP_REFERER' => 'http://localhost:8080/loan'
    'HTTP_ACCEPT_ENCODING' => 'gzip, deflate, br, zstd'
    'HTTP_ACCEPT_LANGUAGE' => 'hu,en;q=0.9,en-GB;q=0.8,en-US;q=0.7'
    'HTTP_COOKIE' => 'language=854469913c319f201a14a5109be01bec822fd366ad1aedabb23743092e51e3d0a%3A2%3A%7Bi%3A0%3Bs%3A8%3A%22language%22%3Bi%3A1%3Bs%3A2%3A%22hu%22%3B%7D; _identity=825c10f2436e3302e27195108e42c894b4811784c2b20ad3e35789833e0a52ffa%3A2%3A%7Bi%3A0%3Bs%3A9%3A%22_identity%22%3Bi%3A1%3Bs%3A28%3A%22%5B%22100%22%2C%22test100key%22%2C2592000%5D%22%3B%7D; PHPSESSID=3jh3nofa84kcmqd81q6vkp4gni; _csrf=621429a180ad137b01cdac51978ae58d9696e55a0174a13e3017d66a1f39d0eca%3A2%3A%7Bi%3A0%3Bs%3A5%3A%22_csrf%22%3Bi%3A1%3Bs%3A32%3A%224QLSdIEeh5aXIHstk9Vcx00T4T8CLvGt%22%3B%7D'
    'REQUEST_TIME_FLOAT' => 1787820209.3279
    'REQUEST_TIME' => 1787820209
]
2026-08-27 10:43:32 [::1][100][3jh3nofa84kcmqd81q6vkp4gni][error][yii\db\Exception] PDOException: SQLSTATE[42000]: Syntax error or access violation: 1064 You have an error in your SQL syntax; check the manual that corresponds to your MySQL server version for the right syntax to use near 'PRAGMA foreign_keys = ON' at line 1 in C:\Users\Gyakornok02\PhpstormProjects\taskforjuniors\vendor\yiisoft\yii2\db\Command.php:1320
Stack trace:
#0 C:\Users\Gyakornok02\PhpstormProjects\taskforjuniors\vendor\yiisoft\yii2\db\Command.php(1320): PDOStatement->execute()
#1 C:\Users\Gyakornok02\PhpstormProjects\taskforjuniors\vendor\yiisoft\yii2\db\Command.php(1120): yii\db\Command->internalExecute('PRAGMA foreign_...')
#2 C:\Users\Gyakornok02\PhpstormProjects\taskforjuniors\services\EquipmentService.php(20): yii\db\Command->execute()
#3 C:\Users\Gyakornok02\PhpstormProjects\taskforjuniors\controllers\ReportController.php(25): app\services\EquipmentService->initialize()
#4 [internal function]: app\controllers\ReportController->actionOverdue()
#5 C:\Users\Gyakornok02\PhpstormProjects\taskforjuniors\vendor\yiisoft\yii2\base\InlineAction.php(66): call_user_func_array(Array, Array)
#6 C:\Users\Gyakornok02\PhpstormProjects\taskforjuniors\vendor\yiisoft\yii2\base\Controller.php(197): yii\base\InlineAction->runWithParams(Array)
#7 C:\Users\Gyakornok02\PhpstormProjects\taskforjuniors\vendor\yiisoft\yii2\base\Module.php(554): yii\base\Controller->runAction('overdue', Array)
#8 C:\Users\Gyakornok02\PhpstormProjects\taskforjuniors\vendor\yiisoft\yii2\web\Application.php(112): yii\base\Module->runAction('report/overdue', Array)
#9 C:\Users\Gyakornok02\PhpstormProjects\taskforjuniors\vendor\yiisoft\yii2\base\Application.php(391): yii\web\Application->handleRequest(Object(yii\web\Request))
#10 C:\Users\Gyakornok02\PhpstormProjects\taskforjuniors\web\index.php(12): yii\base\Application->run()
#11 {main}

Next yii\db\Exception: SQLSTATE[42000]: Syntax error or access violation: 1064 You have an error in your SQL syntax; check the manual that corresponds to your MySQL server version for the right syntax to use near 'PRAGMA foreign_keys = ON' at line 1
The SQL being executed was: PRAGMA foreign_keys = ON in C:\Users\Gyakornok02\PhpstormProjects\taskforjuniors\vendor\yiisoft\yii2\db\Schema.php:683
Stack trace:
#0 C:\Users\Gyakornok02\PhpstormProjects\taskforjuniors\vendor\yiisoft\yii2\db\Command.php(1325): yii\db\Schema->convertException(Object(PDOException), 'PRAGMA foreign_...')
#1 C:\Users\Gyakornok02\PhpstormProjects\taskforjuniors\vendor\yiisoft\yii2\db\Command.php(1120): yii\db\Command->internalExecute('PRAGMA foreign_...')
#2 C:\Users\Gyakornok02\PhpstormProjects\taskforjuniors\services\EquipmentService.php(20): yii\db\Command->execute()
#3 C:\Users\Gyakornok02\PhpstormProjects\taskforjuniors\controllers\ReportController.php(25): app\services\EquipmentService->initialize()
#4 [internal function]: app\controllers\ReportController->actionOverdue()
#5 C:\Users\Gyakornok02\PhpstormProjects\taskforjuniors\vendor\yiisoft\yii2\base\InlineAction.php(66): call_user_func_array(Array, Array)
#6 C:\Users\Gyakornok02\PhpstormProjects\taskforjuniors\vendor\yiisoft\yii2\base\Controller.php(197): yii\base\InlineAction->runWithParams(Array)
#7 C:\Users\Gyakornok02\PhpstormProjects\taskforjuniors\vendor\yiisoft\yii2\base\Module.php(554): yii\base\Controller->runAction('overdue', Array)
#8 C:\Users\Gyakornok02\PhpstormProjects\taskforjuniors\vendor\yiisoft\yii2\web\Application.php(112): yii\base\Module->runAction('report/overdue', Array)
#9 C:\Users\Gyakornok02\PhpstormProjects\taskforjuniors\vendor\yiisoft\yii2\base\Application.php(391): yii\web\Application->handleRequest(Object(yii\web\Request))
#10 C:\Users\Gyakornok02\PhpstormProjects\taskforjuniors\web\index.php(12): yii\base\Application->run()
#11 {main}
Additional Information:
Array
(
    [0] => 42000
    [1] => 1064
    [2] => You have an error in your SQL syntax; check the manual that corresponds to your MySQL server version for the right syntax to use near 'PRAGMA foreign_keys = ON' at line 1
)

2026-08-27 10:43:32 [::1][100][3jh3nofa84kcmqd81q6vkp4gni][info][application] $_GET = []

$_POST = []

$_FILES = []

$_COOKIE = [
    'language' => '854469913c319f201a14a5109be01bec822fd366ad1aedabb23743092e51e3d0a:2:{i:0;s:8:\"language\";i:1;s:2:\"hu\";}'
    '_identity' => '825c10f2436e3302e27195108e42c894b4811784c2b20ad3e35789833e0a52ffa:2:{i:0;s:9:\"_identity\";i:1;s:28:\"[\"100\",\"test100key\",2592000]\";}'
    'PHPSESSID' => '3jh3nofa84kcmqd81q6vkp4gni'
    '_csrf' => '621429a180ad137b01cdac51978ae58d9696e55a0174a13e3017d66a1f39d0eca:2:{i:0;s:5:\"_csrf\";i:1;s:32:\"4QLSdIEeh5aXIHstk9Vcx00T4T8CLvGt\";}'
]

$_SESSION = [
    '__flash' => []
    '__id' => '100'
    '__authKey' => 'test100key'
]

$_SERVER = [
    'DOCUMENT_ROOT' => 'C:\\Users\\Gyakornok02\\PhpstormProjects\\taskforjuniors\\web'
    'REMOTE_ADDR' => '::1'
    'REMOTE_PORT' => '63668'
    'SERVER_SOFTWARE' => 'PHP 8.2.26 Development Server'
    'SERVER_PROTOCOL' => 'HTTP/1.1'
    'SERVER_NAME' => 'localhost'
    'SERVER_PORT' => '8080'
    'REQUEST_URI' => '/report/overdue'
    'REQUEST_METHOD' => 'GET'
    'SCRIPT_NAME' => '/index.php'
    'SCRIPT_FILENAME' => 'C:\\Users\\Gyakornok02\\PhpstormProjects\\taskforjuniors\\web\\index.php'
    'PATH_INFO' => '/report/overdue'
    'PHP_SELF' => '/index.php/report/overdue'
    'HTTP_HOST' => 'localhost:8080'
    'HTTP_CONNECTION' => 'keep-alive'
    'HTTP_SEC_CH_UA' => '\"Not=A?Brand\";v=\"99\", \"Microsoft Edge\";v=\"151\", \"Chromium\";v=\"151\"'
    'HTTP_SEC_CH_UA_MOBILE' => '?0'
    'HTTP_SEC_CH_UA_PLATFORM' => '\"Windows\"'
    'HTTP_UPGRADE_INSECURE_REQUESTS' => '1'
    'HTTP_USER_AGENT' => 'Mozilla/5.0 (Windows NT 10.0; Win64; x64) AppleWebKit/537.36 (KHTML, like Gecko) Chrome/151.0.0.0 Safari/537.36 Edg/151.0.0.0'
    'HTTP_ACCEPT' => 'text/html,application/xhtml+xml,application/xml;q=0.9,image/avif,image/webp,image/apng,*/*;q=0.8,application/signed-exchange;v=b3;q=0.7'
    'HTTP_SEC_FETCH_SITE' => 'same-origin'
    'HTTP_SEC_FETCH_MODE' => 'navigate'
    'HTTP_SEC_FETCH_USER' => '?1'
    'HTTP_SEC_FETCH_DEST' => 'document'
    'HTTP_REFERER' => 'http://localhost:8080/loan'
    'HTTP_ACCEPT_ENCODING' => 'gzip, deflate, br, zstd'
    'HTTP_ACCEPT_LANGUAGE' => 'hu,en;q=0.9,en-GB;q=0.8,en-US;q=0.7'
    'HTTP_COOKIE' => 'language=854469913c319f201a14a5109be01bec822fd366ad1aedabb23743092e51e3d0a%3A2%3A%7Bi%3A0%3Bs%3A8%3A%22language%22%3Bi%3A1%3Bs%3A2%3A%22hu%22%3B%7D; _identity=825c10f2436e3302e27195108e42c894b4811784c2b20ad3e35789833e0a52ffa%3A2%3A%7Bi%3A0%3Bs%3A9%3A%22_identity%22%3Bi%3A1%3Bs%3A28%3A%22%5B%22100%22%2C%22test100key%22%2C2592000%5D%22%3B%7D; PHPSESSID=3jh3nofa84kcmqd81q6vkp4gni; _csrf=621429a180ad137b01cdac51978ae58d9696e55a0174a13e3017d66a1f39d0eca%3A2%3A%7Bi%3A0%3Bs%3A5%3A%22_csrf%22%3Bi%3A1%3Bs%3A32%3A%224QLSdIEeh5aXIHstk9Vcx00T4T8CLvGt%22%3B%7D'
    'REQUEST_TIME_FLOAT' => 1787820212.0318
    'REQUEST_TIME' => 1787820212
]
